,state_cd,state_name,county_cd,county_nm,year,"Industrial self-supplied groundwater withdrawals, fresh, in Mgal/d","Industrial self-supplied groundwater withdrawals, saline, in Mgal/d","Industrial total self-supplied withdrawals, groundwater, in Mgal/d","Industrial self-supplied surface-water withdrawals, fresh, in Mgal/d","Industrial self-supplied surface-water withdrawals, saline, in Mgal/d","Industrial total self-supplied withdrawals, surface water, in Mgal/d","Industrial total self-supplied withdrawals, fresh, in Mgal/d","Industrial total self-supplied withdrawals, saline, in Mgal/d","Industrial total self-supplied withdrawals, in Mgal/d","Industrial deliveries from public supply, in Mgal/d","Industrial total self-supplied withdrawals plus deliveries, in Mgal/d","Industrial consumptive use, fresh, in Mgal/d","Industrial consumptive use, saline, in Mgal/d","Industrial total consumptive use, in Mgal/d","Industrial reclaimed wastewater, in Mgal/d",Industrial number of facilities
0,37,North Carolina,1,Alamance County,1985,0.19,0.0,0.19,3.39,0.0,3.39,3.58,0.0,3.58,3.13,6.71,1.74,0.00,1.74,0.00,-
1,37,North Carolina,1,Alamance County,1990,0.06,0.0,0.06,2.6,0.0,2.6,2.66,0.0,2.66,6.42,9.08,1.00,0.00,1.00,0.00,8
2,37,North Carolina,1,Alamance County,1995,0.57,0.0,0.57,4.68,0.0,4.68,5.25,0.0,5.25,7.33,12.58,2.52,0.00,2.52,0.00,83
3,37,North Carolina,1,Alamance County,2000,0.0,0.0,0.0,0.23,0.0,0.23,0.23,0.0,0.23,-,-,-,-,-,-,-
4,37,North Carolina,1,Alamance County,2005,0.0,0.0,0.0,0.14,0.0,0.14,0.14,0.0,0.14,-,-,-,-,-,-,-
5,37,North Carolina,1,Alamance County,2010,0.0,0.0,0.0,0.04,0.0,0.04,0.04,0.0,0.04,-,-,-,-,-,-,-
6,37,North Carolina,1,Alamance County,2015,0.0,0.0,0.0,0.05,0.0,0.05,0.05,0.0,0.05,-,-,-,-,-,-,-
7,37,North Carolina,3,Alexander County,1985,0.2,0.0,0.2,0.45,0.0,0.45,0.65,0.0,0.65,0.00,0.65,0.04,0.00,0.04,0.00,-
8,37,North Carolina,3,Alexander County,1990,0.05,0.0,0.05,0.45,0.0,0.45,0.5,0.0,0.5,0.12,0.62,0.00,0.00,0.00,0.00,1
9,37,North Carolina,3,Alexander County,1995,0.0,0.0,0.0,0.0,0.0,0.0,0.0,0.0,0.0,0.14,0.14,0.03,0.00,0.03,0.00,9
10,37,North Carolina,3,Alexander County,2000,0.0,0.0,0.0,0.37,0.0,0.37,0.37,0.0,0.37,-,-,-,-,-,-,-
11,37,North Carolina,3,Alexander County,2005,0.0,0.0,0.0,0.0,0.0,0.0,0.0,0.0,0.0,-,-,-,-,-,-,-
12,37,North Carolina,3,Alexander County,2010,0.0,0.0,0.0,0.0,0.0,0.0,0.0,0.0,0.0,-,-,-,-,-,-,-
13,37,North Carolina,3,Alexander County,2015,0.0,0.0,0.0,0.0,0.0,0.0,0.0,0.0,0.0,-,-,-,-,-,-,-
14,37,North Carolina,5,Alleghany County,1985,0.0,0.0,0.0,0.0,0.0,0.0,0.0,0.0,0.0,0.00,0.00,0.00,0.00,0.00,0.00,-
15,37,North Carolina,5,Alleghany County,1990,0.0,0.0,0.0,0.0,0.0,0.0,0.0,0.0,0.0,0.00,0.00,0.00,0.00,0.00,0.00,0
16,37,North Carolina,5,Alleghany County,1995,0.01,0.0,0.01,0.08,0.0,0.08,0.09,0.0,0.09,0.00,0.09,0.02,0.00,0.02,0.00,4
17,37,North Carolina,5,Alleghany County,2000,0.0,0.0,0.0,0.0,0.0,0.0,0.0,0.0,0.0,-,-,-,-,-,-,-
18,37,North Carolina,5,Alleghany County,2005,0.0,0.0,0.0,0.0,0.0,0.0,0.0,0.0,0.0,-,-,-,-,-,-,-
19,37,North Carolina,5,Alleghany County,2010,0.0,0.0,0.0,0.0,0.0,0.0,0.0,0.0,0.0,-,-,-,-,-,-,-
20,37,North Carolina,5,Alleghany County,2015,0.0,0.0,0.0,0.0,0.0,0.0,0.0,0.0,0.0,-,-,-,-,-,-,-
21,37,North Carolina,7,Anson County,1985,0.03,0.0,0.03,0.81,0.0,0.81,0.84,0.0,0.84,2.43,3.27,0.08,0.00,0.08,0.00,-
22,37,North Carolina,7,Anson County,1990,0.01,0.0,0.01,8.96,0.0,8.96,8.97,0.0,8.97,0.78,9.75,0.33,0.00,0.33,0.00,3
23,37,North Carolina,7,Anson County,1995,2.55,0.0,2.55,2.02,0.0,2.02,4.57,0.0,4.57,1.68,6.25,1.25,0.00,1.25,0.00,7
24,37,North Carolina,7,Anson County,2000,0.0,0.0,0.0,0.0,0.0,0.0,0.0,0.0,0.0,-,-,-,-,-,-,-
25,37,North Carolina,7,Anson County,2005,0.0,0.0,0.0,0.0,0.0,0.0,0.0,0.0,0.0,-,-,-,-,-,-,-
26,37,North Carolina,7,Anson County,2010,0.0,0.0,0.0,0.0,0.0,0.0,0.0,0.0,0.0,-,-,-,-,-,-,-
27,37,North Carolina,7,Anson County,2015,0.0,0.0,0.0,0.0,0.0,0.0,0.0,0.0,0.0,-,-,-,-,-,-,-
28,37,North Carolina,9,Ashe County,1985,0.01,0.0,0.01,0.25,0.0,0.25,0.26,0.0,0.26,0.00,0.26,0.15,0.00,0.15,0.00,-
29,37,North Carolina,9,Ashe County,1990,0.01,0.0,0.01,0.36,0.0,0.36,0.37,0.0,0.37,0.07,0.44,0.03,0.00,0.03,0.00,1
30,37,North Carolina,9,Ashe County,1995,0.0,0.0,0.0,0.0,0.0,0.0,0.0,0.0,0.0,0.05,0.05,0.01,0.00,0.01,0.00,3
31,37,North Carolina,9,Ashe County,2000,0.0,0.0,0.0,0.0,0.0,0.0,0.0,0.0,0.0,-,-,-,-,-,-,-
32,37,North Carolina,9,Ashe County,2005,0.0,0.0,0.0,0.0,0.0,0.0,0.0,0.0,0.0,-,-,-,-,-,-,-
33,37,North Carolina,9,Ashe County,2010,0.0,0.0,0.0,0.0,0.0,0.0,0.0,0.0,0.0,-,-,-,-,-,-,-
34,37,North Carolina,9,Ashe County,2015,0.0,0.0,0.0,0.0,0.0,0.0,0.0,0.0,0.0,-,-,-,-,-,-,-
35,37,North Carolina,11,Avery County,1985,0.0,0.0,0.0,0.02,0.0,0.02,0.02,0.0,0.02,0.00,0.02,0.00,0.00,0.00,0.00,-
36,37,North Carolina,11,Avery County,1990,0.01,0.0,0.01,0.0,0.0,0.0,0.01,0.0,0.01,0.00,0.01,0.01,0.00,0.01,0.00,1
37,37,North Carolina,11,Avery County,1995,0.35,0.0,0.35,0.18,0.0,0.18,0.53,0.0,0.53,0.00,0.53,0.11,0.00,0.11,0.00,1
38,37,North Carolina,11,Avery County,2000,0.0,0.0,0.0,0.92,0.0,0.92,0.92,0.0,0.92,-,-,-,-,-,-,-
39,37,North Carolina,11,Avery County,2005,0.0,0.0,0.0,1.12,0.0,1.12,1.12,0.0,1.12,-,-,-,-,-,-,-
40,37,North Carolina,11,Avery County,2010,0.0,0.0,0.0,1.33,0.0,1.33,1.33,0.0,1.33,-,-,-,-,-,-,-
41,37,North Carolina,11,Avery County,2015,0.0,0.0,0.0,1.13,0.0,1.13,1.13,0.0,1.13,-,-,-,-,-,-,-
42,37,North Carolina,13,Beaufort County,1985,2.4,0.0,2.4,0.0,0.0,0.0,2.4,0.0,2.4,0.27,2.67,0.20,0.00,0.20,0.00,-
43,37,North Carolina,13,Beaufort County,1990,10.96,0.0,10.96,0.0,0.0,0.0,10.96,0.0,10.96,0.33,11.29,0.12,0.00,0.12,0.00,4
44,37,North Carolina,13,Beaufort County,1995,9.01,0.0,9.01,0.18,0.0,0.18,9.19,0.0,9.19,0.23,9.42,7.08,0.00,7.08,0.00,9
45,37,North Carolina,13,Beaufort County,2000,1.04,0.0,1.04,0.0,0.0,0.0,1.04,0.0,1.04,-,-,-,-,-,-,-
46,37,North Carolina,13,Beaufort County,2005,59.2,0.0,59.2,0.0,0.0,0.0,59.2,0.0,59.2,-,-,-,-,-,-,-
47,37,North Carolina,13,Beaufort County,2010,0.02,0.0,0.02,0.0,0.0,0.0,0.02,0.0,0.02,-,-,-,-,-,-,-
48,37,North Carolina,13,Beaufort County,2015,0.14,0.0,0.14,0.0,0.0,0.0,0.14,0.0,0.14,-,-,-,-,-,-,-
49,37,North Carolina,15,Bertie County,1985,1.75,0.0,1.75,0.0,0.0,0.0,1.75,0.0,1.75,0.00,1.75,0.88,0.00,0.88,0.00,-
50,37,North Carolina,15,Bertie County,1990,2.48,0.0,2.48,0.01,0.0,0.01,2.49,0.0,2.49,0.02,2.51,0.05,0.00,0.05,0.00,3
51,37,North Carolina,15,Bertie County,1995,0.02,0.0,0.02,0.31,0.0,0.31,0.33,0.0,0.33,0.02,0.35,0.07,0.00,0.07,0.00,7
52,37,North Carolina,15,Bertie County,2000,2.74,0.0,2.74,0.0,0.0,0.0,2.74,0.0,2.74,-,-,-,-,-,-,-
53,37,North Carolina,15,Bertie County,2005,2.59,0.0,2.59,0.06,0.0,0.06,2.65,0.0,2.65,-,-,-,-,-,-,-
54,37,North Carolina,15,Bertie County,2010,2.86,0.0,2.86,0.0,0.0,0.0,2.86,0.0,2.86,-,-,-,-,-,-,-
55,37,North Carolina,15,Bertie County,2015,2.0,0.0,2.0,0.0,0.0,0.0,2.0,0.0,2.0,-,-,-,-,-,-,-
56,37,North Carolina,17,Bladen County,1985,1.25,0.0,1.25,0.0,0.0,0.0,1.25,0.0,1.25,0.16,1.41,0.20,0.00,0.20,0.00,-
57,37,North Carolina,17,Bladen County,1990,1.2,0.0,1.2,0.0,0.0,0.0,1.2,0.0,1.2,0.24,1.44,0.20,0.00,0.20,0.00,1
58,37,North Carolina,17,Bladen County,1995,1.23,0.0,1.23,0.93,0.0,0.93,2.16,0.0,2.16,0.25,2.41,0.48,0.00,0.48,0.00,9
59,37,North Carolina,17,Bladen County,2000,3.36,0.0,3.36,10.48,0.0,10.48,13.84,0.0,13.84,-,-,-,-,-,-,-
60,37,North Carolina,17,Bladen County,2005,1.48,0.0,1.48,12.4,0.0,12.4,13.88,0.0,13.88,-,-,-,-,-,-,-
61,37,North Carolina,17,Bladen County,2010,1.63,0.0,1.63,10.9,0.0,10.9,12.53,0.0,12.53,-,-,-,-,-,-,-
62,37,North Carolina,17,Bladen County,2015,0.17,0.0,0.17,11.34,0.0,11.34,11.51,0.0,11.51,-,-,-,-,-,-,-
63,37,North Carolina,19,Brunswick County,1985,0.25,0.0,0.25,9.1,0.0,9.1,9.35,0.0,9.35,0.00,9.35,2.50,0.00,2.50,0.00,-
64,37,North Carolina,19,Brunswick County,1990,0.08,0.0,0.08,7.8,0.0,7.8,7.88,0.0,7.88,6.50,14.38,2.12,0.00,2.12,0.00,1
65,37,North Carolina,19,Brunswick County,1995,0.23,0.0,0.23,0.34,0.0,0.34,0.57,0.0,0.57,6.02,6.59,1.32,0.00,1.32,0.00,15
66,37,North Carolina,19,Brunswick County,2000,0.0,0.0,0.0,8.09,0.0,8.09,8.09,0.0,8.09,-,-,-,-,-,-,-
67,37,North Carolina,19,Brunswick County,2005,0.0,0.0,0.0,6.15,0.0,6.15,6.15,0.0,6.15,-,-,-,-,-,-,-
68,37,North Carolina,19,Brunswick County,2010,0.0,0.0,0.0,4.92,0.0,4.92,4.92,0.0,4.92,-,-,-,-,-,-,-
69,37,North Carolina,19,Brunswick County,2015,0.01,0.0,0.01,0.0,0.0,0.0,0.01,0.0,0.01,-,-,-,-,-,-,-
70,37,North Carolina,21,Buncombe County,1985,0.3,0.0,0.3,7.0,0.0,7.0,7.3,0.0,7.3,0.00,7.30,0.66,0.00,0.66,0.00,-
71,37,North Carolina,21,Buncombe County,1990,0.25,0.0,0.25,6.57,0.0,6.57,6.82,0.0,6.82,2.96,9.78,1.17,0.00,1.17,0.00,4
72,37,North Carolina,21,Buncombe County,1995,0.56,0.0,0.56,2.26,0.0,2.26,2.82,0.0,2.82,7.03,9.85,1.97,0.00,1.97,0.00,44
73,37,North Carolina,21,Buncombe County,2000,0.45,0.0,0.45,2.38,0.0,2.38,2.83,0.0,2.83,-,-,-,-,-,-,-
74,37,North Carolina,21,Buncombe County,2005,0.0,0.0,0.0,0.0,0.0,0.0,0.0,0.0,0.0,-,-,-,-,-,-,-
75,37,North Carolina,21,Buncombe County,2010,0.0,0.0,0.0,0.0,0.0,0.0,0.0,0.0,0.0,-,-,-,-,-,-,-
76,37,North Carolina,21,Buncombe County,2015,0.0,0.0,0.0,0.0,0.0,0.0,0.0,0.0,0.0,-,-,-,-,-,-,-
77,37,North Carolina,23,Burke County,1985,0.41,0.0,0.41,0.45,0.0,0.45,0.86,0.0,0.86,1.19,2.05,0.08,0.00,0.08,0.00,-
78,37,North Carolina,23,Burke County,1990,0.31,0.0,0.31,0.0,0.0,0.0,0.31,0.0,0.31,10.98,11.29,0.24,0.00,0.24,0.00,4
79,37,North Carolina,23,Burke County,1995,2.22,0.0,2.22,5.09,0.0,5.09,7.31,0.0,7.31,11.22,18.53,3.71,0.00,3.71,0.00,39
80,37,North Carolina,23,Burke County,2000,0.0,0.0,0.0,0.0,0.0,0.0,0.0,0.0,0.0,-,-,-,-,-,-,-
81,37,North Carolina,23,Burke County,2005,0.0,0.0,0.0,0.0,0.0,0.0,0.0,0.0,0.0,-,-,-,-,-,-,-
82,37,North Carolina,23,Burke County,2010,0.0,0.0,0.0,0.0,0.0,0.0,0.0,0.0,0.0,-,-,-,-,-,-,-
83,37,North Carolina,23,Burke County,2015,0.0,0.0,0.0,0.0,0.0,0.0,0.0,0.0,0.0,-,-,-,-,-,-,-
84,37,North Carolina,25,Cabarrus County,1985,0.13,0.0,0.13,0.0,0.0,0.0,0.13,0.0,0.13,1.90,2.03,0.00,0.00,0.00,0.00,-
85,37,North Carolina,25,Cabarrus County,1990,0.05,0.0,0.05,0.0,0.0,0.0,0.05,0.0,0.05,2.37,2.42,0.00,0.00,0.00,0.00,2
86,37,North Carolina,25,Cabarrus County,1995,2.75,0.0,2.75,14.01,0.0,14.01,16.76,0.0,16.76,1.75,18.51,3.70,0.00,3.70,0.00,57
87,37,North Carolina,25,Cabarrus County,2000,0.02,0.0,0.02,0.87,0.0,0.87,0.89,0.0,0.89,-,-,-,-,-,-,-
88,37,North Carolina,25,Cabarrus County,2005,0.0,0.0,0.0,0.0,0.0,0.0,0.0,0.0,0.0,-,-,-,-,-,-,-
89,37,North Carolina,25,Cabarrus County,2010,0.0,0.0,0.0,0.0,0.0,0.0,0.0,0.0,0.0,-,-,-,-,-,-,-
90,37,North Carolina,25,Cabarrus County,2015,0.0,0.0,0.0,0.0,0.0,0.0,0.0,0.0,0.0,-,-,-,-,-,-,-
91,37,North Carolina,27,Caldwell County,1985,0.36,0.0,0.36,0.45,0.0,0.45,0.81,0.0,0.81,0.40,1.21,0.01,0.00,0.01,0.00,-
92,37,North Carolina,27,Caldwell County,1990,0.05,0.0,0.05,0.46,0.0,0.46,0.51,0.0,0.51,1.43,1.94,0.35,0.00,0.35,0.00,2
93,37,North Carolina,27,Caldwell County,1995,0.35,0.0,0.35,1.26,0.0,1.26,1.61,0.0,1.61,1.51,3.12,0.62,0.00,0.62,0.00,17
94,37,North Carolina,27,Caldwell County,2000,0.0,0.0,0.0,0.0,0.0,0.0,0.0,0.0,0.0,-,-,-,-,-,-,-
95,37,North Carolina,27,Caldwell County,2005,0.0,0.0,0.0,0.0,0.0,0.0,0.0,0.0,0.0,-,-,-,-,-,-,-
96,37,North Carolina,27,Caldwell County,2010,0.0,0.0,0.0,0.18,0.0,0.18,0.18,0.0,0.18,-,-,-,-,-,-,-
97,37,North Carolina,27,Caldwell County,2015,0.0,0.0,0.0,0.23,0.0,0.23,0.23,0.0,0.23,-,-,-,-,-,-,-
98,37,North Carolina,29,Camden County,1985,0.0,0.0,0.0,0.0,0.0,0.0,0.0,0.0,0.0,0.00,0.00,0.00,0.00,0.00,0.00,-
99,37,North Carolina,29,Camden County,1990,0.0,0.0,0.0,0.0,0.0,0.0,0.0,0.0,0.0,0.00,0.00,0.00,0.00,0.00,0.00,0
100,37,North Carolina,29,Camden County,1995,0.0,0.0,0.0,0.0,0.0,0.0,0.0,0.0,0.0,0.00,0.00,0.00,0.00,0.00,0.00,0
101,37,North Carolina,29,Camden County,2000,0.0,0.0,0.0,0.0,0.0,0.0,0.0,0.0,0.0,-,-,-,-,-,-,-
102,37,North Carolina,29,Camden County,2005,0.0,0.0,0.0,0.0,0.0,0.0,0.0,0.0,0.0,-,-,-,-,-,-,-
103,37,North Carolina,29,Camden County,2010,0.0,0.0,0.0,0.0,0.0,0.0,0.0,0.0,0.0,-,-,-,-,-,-,-
104,37,North Carolina,29,Camden County,2015,0.0,0.0,0.0,0.0,0.0,0.0,0.0,0.0,0.0,-,-,-,-,-,-,-
105,37,North Carolina,31,Carteret County,1985,0.04,0.0,0.04,2.8,0.0,2.8,2.84,0.0,2.84,0.00,2.84,0.00,0.00,0.00,0.00,-
106,37,North Carolina,31,Carteret County,1990,0.04,0.0,0.04,0.0,0.0,0.0,0.04,0.0,0.04,0.03,0.07,0.04,0.00,0.04,0.00,1
107,37,North Carolina,31,Carteret County,1995,0.0,0.0,0.0,0.01,0.0,0.01,0.01,0.0,0.01,0.04,0.05,0.01,0.00,0.01,0.00,4
108,37,North Carolina,31,Carteret County,2000,0.03,0.0,0.03,0.12,0.0,0.12,0.15,0.0,0.15,-,-,-,-,-,-,-
109,37,North Carolina,31,Carteret County,2005,0.02,0.0,0.02,0.0,0.0,0.0,0.02,0.0,0.02,-,-,-,-,-,-,-
110,37,North Carolina,31,Carteret County,2010,0.04,0.0,0.04,0.0,0.0,0.0,0.04,0.0,0.04,-,-,-,-,-,-,-
111,37,North Carolina,31,Carteret County,2015,0.04,0.0,0.04,0.0,0.0,0.0,0.04,0.0,0.04,-,-,-,-,-,-,-
112,37,North Carolina,33,Caswell County,1985,0.0,0.0,0.0,0.0,0.0,0.0,0.0,0.0,0.0,0.03,0.03,0.00,0.00,0.00,0.00,-
113,37,North Carolina,33,Caswell County,1990,0.0,0.0,0.0,0.0,0.0,0.0,0.0,0.0,0.0,0.01,0.01,0.00,0.00,0.00,0.00,0
114,37,North Carolina,33,Caswell County,1995,0.0,0.0,0.0,0.0,0.0,0.0,0.0,0.0,0.0,0.03,0.03,0.01,0.00,0.01,0.00,2
115,37,North Carolina,33,Caswell County,2000,0.0,0.0,0.0,0.0,0.0,0.0,0.0,0.0,0.0,-,-,-,-,-,-,-
116,37,North Carolina,33,Caswell County,2005,0.0,0.0,0.0,0.0,0.0,0.0,0.0,0.0,0.0,-,-,-,-,-,-,-
117,37,North Carolina,33,Caswell County,2010,0.0,0.0,0.0,0.0,0.0,0.0,0.0,0.0,0.0,-,-,-,-,-,-,-
118,37,North Carolina,33,Caswell County,2015,0.0,0.0,0.0,0.0,0.0,0.0,0.0,0.0,0.0,-,-,-,-,-,-,-
119,37,North Carolina,35,Catawba County,1985,0.74,0.0,0.74,0.0,0.0,0.0,0.74,0.0,0.74,2.02,2.76,0.06,0.00,0.06,0.00,-
120,37,North Carolina,35,Catawba County,1990,0.02,0.0,0.02,0.0,0.0,0.0,0.02,0.0,0.02,6.68,6.70,0.00,0.00,0.00,0.00,1
121,37,North Carolina,35,Catawba County,1995,2.89,0.0,2.89,2.69,0.0,2.69,5.58,0.0,5.58,7.74,13.32,2.66,0.00,2.66,0.00,140
122,37,North Carolina,35,Catawba County,2000,0.0,0.0,0.0,0.0,0.0,0.0,0.0,0.0,0.0,-,-,-,-,-,-,-
123,37,North Carolina,35,Catawba County,2005,0.0,0.0,0.0,0.0,0.0,0.0,0.0,0.0,0.0,-,-,-,-,-,-,-
124,37,North Carolina,35,Catawba County,2010,0.0,0.0,0.0,0.0,0.0,0.0,0.0,0.0,0.0,-,-,-,-,-,-,-
125,37,North Carolina,35,Catawba County,2015,0.0,0.0,0.0,0.0,0.0,0.0,0.0,0.0,0.0,-,-,-,-,-,-,-
126,37,North Carolina,37,Chatham County,1985,0.04,0.0,0.04,0.91,0.0,0.91,0.95,0.0,0.95,0.42,1.37,0.09,0.00,0.09,0.00,-
127,37,North Carolina,37,Chatham County,1990,0.01,0.0,0.01,0.85,0.0,0.85,0.86,0.0,0.86,1.21,2.07,0.34,0.00,0.34,0.00,3
128,37,North Carolina,37,Chatham County,1995,0.06,0.0,0.06,0.36,0.0,0.36,0.42,0.0,0.42,1.52,1.94,0.39,0.00,0.39,0.00,13
129,37,North Carolina,37,Chatham County,2000,0.02,0.0,0.02,0.47,0.0,0.47,0.49,0.0,0.49,-,-,-,-,-,-,-
130,37,North Carolina,37,Chatham County,2005,0.0,0.0,0.0,0.62,0.0,0.62,0.62,0.0,0.62,-,-,-,-,-,-,-
131,37,North Carolina,37,Chatham County,2010,0.0,0.0,0.0,0.25,0.0,0.25,0.25,0.0,0.25,-,-,-,-,-,-,-
132,37,North Carolina,37,Chatham County,2015,0.0,0.0,0.0,0.08,0.0,0.08,0.08,0.0,0.08,-,-,-,-,-,-,-
133,37,North Carolina,39,Cherokee County,1985,0.05,0.0,0.05,0.02,0.0,0.02,0.07,0.0,0.07,0.07,0.14,0.02,0.00,0.02,0.00,-
134,37,North Carolina,39,Cherokee County,1990,0.05,0.0,0.05,0.02,0.0,0.02,0.07,0.0,0.07,0.20,0.27,0.02,0.00,0.02,0.00,2
135,37,North Carolina,39,Cherokee County,1995,0.0,0.0,0.0,0.0,0.0,0.0,0.0,0.0,0.0,0.29,0.29,0.06,0.00,0.06,0.00,1
136,37,North Carolina,39,Cherokee County,2000,0.0,0.0,0.0,0.0,0.0,0.0,0.0,0.0,0.0,-,-,-,-,-,-,-
137,37,North Carolina,39,Cherokee County,2005,0.0,0.0,0.0,0.0,0.0,0.0,0.0,0.0,0.0,-,-,-,-,-,-,-
138,37,North Carolina,39,Cherokee County,2010,0.0,0.0,0.0,0.0,0.0,0.0,0.0,0.0,0.0,-,-,-,-,-,-,-
139,37,North Carolina,39,Cherokee County,2015,0.0,0.0,0.0,0.0,0.0,0.0,0.0,0.0,0.0,-,-,-,-,-,-,-
140,37,North Carolina,41,Chowan County,1985,0.04,0.0,0.04,0.75,0.0,0.75,0.79,0.0,0.79,0.05,0.84,0.07,0.00,0.07,0.00,-
141,37,North Carolina,41,Chowan County,1990,0.0,0.0,0.0,0.79,0.0,0.79,0.79,0.0,0.79,0.55,1.34,0.03,0.00,0.03,0.00,1
142,37,North Carolina,41,Chowan County,1995,0.13,0.0,0.13,0.04,0.0,0.04,0.17,0.0,0.17,0.20,0.37,0.07,0.00,0.07,0.00,5
143,37,North Carolina,41,Chowan County,2000,0.0,0.0,0.0,0.64,0.0,0.64,0.64,0.0,0.64,-,-,-,-,-,-,-
144,37,North Carolina,41,Chowan County,2005,0.0,0.0,0.0,0.0,0.0,0.0,0.0,0.0,0.0,-,-,-,-,-,-,-
145,37,North Carolina,41,Chowan County,2010,0.0,0.0,0.0,0.0,0.0,0.0,0.0,0.0,0.0,-,-,-,-,-,-,-
146,37,North Carolina,41,Chowan County,2015,0.0,0.0,0.0,0.0,0.0,0.0,0.0,0.0,0.0,-,-,-,-,-,-,-
147,37,North Carolina,43,Clay County,1985,0.0,0.0,0.0,0.0,0.0,0.0,0.0,0.0,0.0,0.00,0.00,0.00,0.00,0.00,0.00,-
148,37,North Carolina,43,Clay County,1990,0.0,0.0,0.0,0.0,0.0,0.0,0.0,0.0,0.0,0.00,0.00,0.00,0.00,0.00,0.00,0
149,37,North Carolina,43,Clay County,1995,0.0,0.0,0.0,0.0,0.0,0.0,0.0,0.0,0.0,0.01,0.01,0.00,0.00,0.00,0.00,0
150,37,North Carolina,43,Clay County,2000,0.0,0.0,0.0,0.0,0.0,0.0,0.0,0.0,0.0,-,-,-,-,-,-,-
151,37,North Carolina,43,Clay County,2005,0.0,0.0,0.0,0.0,0.0,0.0,0.0,0.0,0.0,-,-,-,-,-,-,-
152,37,North Carolina,43,Clay County,2010,0.0,0.0,0.0,0.0,0.0,0.0,0.0,0.0,0.0,-,-,-,-,-,-,-
153,37,North Carolina,43,Clay County,2015,0.0,0.0,0.0,0.0,0.0,0.0,0.0,0.0,0.0,-,-,-,-,-,-,-
154,37,North Carolina,45,Cleveland County,1985,0.54,0.0,0.54,2.47,0.0,2.47,3.01,0.0,3.01,1.10,4.11,0.27,0.00,0.27,0.00,-
155,37,North Carolina,45,Cleveland County,1990,0.41,0.0,0.41,0.8,0.0,0.8,1.21,0.0,1.21,6.71,7.92,0.16,0.00,0.16,0.00,3
156,37,North Carolina,45,Cleveland County,1995,0.61,0.0,0.61,1.15,0.0,1.15,1.76,0.0,1.76,4.99,6.75,1.35,0.00,1.35,0.00,59
157,37,North Carolina,45,Cleveland County,2000,0.02,0.0,0.02,2.4,0.0,2.4,2.42,0.0,2.42,-,-,-,-,-,-,-
158,37,North Carolina,45,Cleveland County,2005,0.0,0.0,0.0,0.4,0.0,0.4,0.4,0.0,0.4,-,-,-,-,-,-,-
159,37,North Carolina,45,Cleveland County,2010,0.0,0.0,0.0,0.16,0.0,0.16,0.16,0.0,0.16,-,-,-,-,-,-,-
160,37,North Carolina,45,Cleveland County,2015,0.0,0.0,0.0,0.0,0.0,0.0,0.0,0.0,0.0,-,-,-,-,-,-,-
161,37,North Carolina,47,Columbus County,1985,0.25,0.0,0.25,45.2,0.0,45.2,45.45,0.0,45.45,0.12,45.57,4.10,0.00,4.10,0.00,-
162,37,North Carolina,47,Columbus County,1990,0.3,0.0,0.3,43.46,0.0,43.46,43.76,0.0,43.76,43.73,87.49,2.97,0.00,2.97,0.00,3
163,37,North Carolina,47,Columbus County,1995,0.05,0.0,0.05,0.93,0.0,0.93,0.98,0.0,0.98,0.14,1.12,0.22,0.00,0.22,0.00,7
164,37,North Carolina,47,Columbus County,2000,0.0,0.0,0.0,41.27,0.0,41.27,41.27,0.0,41.27,-,-,-,-,-,-,-
165,37,North Carolina,47,Columbus County,2005,0.0,0.0,0.0,39.42,0.0,39.42,39.42,0.0,39.42,-,-,-,-,-,-,-
166,37,North Carolina,47,Columbus County,2010,0.0,0.0,0.0,34.7,0.0,34.7,34.7,0.0,34.7,-,-,-,-,-,-,-
167,37,North Carolina,47,Columbus County,2015,0.0,0.0,0.0,33.8,0.0,33.8,33.8,0.0,33.8,-,-,-,-,-,-,-
168,37,North Carolina,49,Craven County,1985,0.36,0.0,0.36,40.11,0.0,40.11,40.47,0.0,40.47,0.73,41.20,3.64,0.00,3.64,0.00,-
169,37,North Carolina,49,Craven County,1990,0.17,0.0,0.17,13.53,5.47,19.0,13.7,5.47,19.17,3.13,22.30,1.10,0.62,1.72,0.00,2
170,37,North Carolina,49,Craven County,1995,0.0,0.0,0.0,0.04,0.0,0.04,0.04,0.0,0.04,3.10,3.14,0.63,0.00,0.63,0.00,12
171,37,North Carolina,49,Craven County,2000,0.0,0.0,0.0,15.6,0.0,15.6,15.6,0.0,15.6,-,-,-,-,-,-,-
172,37,North Carolina,49,Craven County,2005,18.23,0.0,18.23,16.96,0.0,16.96,35.19,0.0,35.19,-,-,-,-,-,-,-
173,37,North Carolina,49,Craven County,2010,0.85,0.0,0.85,14.47,0.0,14.47,15.32,0.0,15.32,-,-,-,-,-,-,-
174,37,North Carolina,49,Craven County,2015,0.86,0.0,0.86,14.39,0.0,14.39,15.25,0.0,15.25,-,-,-,-,-,-,-
175,37,North Carolina,51,Cumberland County,1985,0.6,0.0,0.6,14.56,0.0,14.56,15.16,0.0,15.16,3.05,18.21,1.34,0.00,1.34,0.00,-
176,37,North Carolina,51,Cumberland County,1990,0.14,0.0,0.14,12.16,0.0,12.16,12.3,0.0,12.3,2.88,15.18,1.01,0.00,1.01,0.00,4
177,37,North Carolina,51,Cumberland County,1995,0.38,0.0,0.38,1.17,0.0,1.17,1.55,0.0,1.55,2.77,4.32,0.86,0.00,0.86,0.00,23
178,37,North Carolina,51,Cumberland County,2000,0.0,0.0,0.0,0.0,0.0,0.0,0.0,0.0,0.0,-,-,-,-,-,-,-
179,37,North Carolina,51,Cumberland County,2005,0.0,0.0,0.0,0.0,0.0,0.0,0.0,0.0,0.0,-,-,-,-,-,-,-
180,37,North Carolina,51,Cumberland County,2010,0.0,0.0,0.0,0.0,0.0,0.0,0.0,0.0,0.0,-,-,-,-,-,-,-
181,37,North Carolina,51,Cumberland County,2015,0.0,0.0,0.0,0.0,0.0,0.0,0.0,0.0,0.0,-,-,-,-,-,-,-
182,37,North Carolina,53,Currituck County,1985,0.0,0.0,0.0,0.0,0.0,0.0,0.0,0.0,0.0,0.00,0.00,0.00,0.00,0.00,0.00,-
183,37,North Carolina,53,Currituck County,1990,0.0,0.0,0.0,0.0,0.0,0.0,0.0,0.0,0.0,0.00,0.00,0.00,0.00,0.00,0.00,0
184,37,North Carolina,53,Currituck County,1995,0.0,0.0,0.0,0.0,0.0,0.0,0.0,0.0,0.0,0.00,0.00,0.00,0.00,0.00,0.00,0
185,37,North Carolina,53,Currituck County,2000,0.0,0.0,0.0,0.0,0.0,0.0,0.0,0.0,0.0,-,-,-,-,-,-,-
186,37,North Carolina,53,Currituck County,2005,0.0,0.0,0.0,0.0,0.0,0.0,0.0,0.0,0.0,-,-,-,-,-,-,-
187,37,North Carolina,53,Currituck County,2010,0.0,0.0,0.0,0.0,0.0,0.0,0.0,0.0,0.0,-,-,-,-,-,-,-
188,37,North Carolina,53,Currituck County,2015,0.0,0.0,0.0,0.0,0.0,0.0,0.0,0.0,0.0,-,-,-,-,-,-,-
189,37,North Carolina,55,Dare County,1985,0.0,0.0,0.0,0.0,0.0,0.0,0.0,0.0,0.0,0.00,0.00,0.00,0.00,0.00,0.00,-
190,37,North Carolina,55,Dare County,1990,0.0,0.0,0.0,0.0,0.0,0.0,0.0,0.0,0.0,0.01,0.01,0.00,0.00,0.00,0.00,0
191,37,North Carolina,55,Dare County,1995,0.0,0.0,0.0,0.0,0.0,0.0,0.0,0.0,0.0,0.01,0.01,0.00,0.00,0.00,0.00,2
192,37,North Carolina,55,Dare County,2000,0.0,0.0,0.0,0.0,0.0,0.0,0.0,0.0,0.0,-,-,-,-,-,-,-
193,37,North Carolina,55,Dare County,2005,0.0,0.0,0.0,0.0,0.0,0.0,0.0,0.0,0.0,-,-,-,-,-,-,-
194,37,North Carolina,55,Dare County,2010,0.0,0.0,0.0,0.0,0.0,0.0,0.0,0.0,0.0,-,-,-,-,-,-,-
195,37,North Carolina,55,Dare County,2015,0.0,0.0,0.0,0.0,0.0,0.0,0.0,0.0,0.0,-,-,-,-,-,-,-
196,37,North Carolina,57,Davidson County,1985,0.04,0.0,0.04,0.0,0.0,0.0,0.04,0.0,0.04,1.55,1.59,0.01,0.00,0.01,0.00,-
197,37,North Carolina,57,Davidson County,1990,0.0,0.0,0.0,0.0,0.0,0.0,0.0,0.0,0.0,2.85,2.85,0.00,0.00,0.00,0.00,0
198,37,North Carolina,57,Davidson County,1995,0.66,0.0,0.66,3.87,0.0,3.87,4.53,0.0,4.53,1.02,5.55,1.11,0.00,1.11,0.00,46
199,37,North Carolina,57,Davidson County,2000,0.0,0.0,0.0,0.0,0.0,0.0,0.0,0.0,0.0,-,-,-,-,-,-,-
200,37,North Carolina,57,Davidson County,2005,0.0,0.0,0.0,0.0,0.0,0.0,0.0,0.0,0.0,-,-,-,-,-,-,-
201,37,North Carolina,57,Davidson County,2010,0.0,0.0,0.0,0.0,0.0,0.0,0.0,0.0,0.0,-,-,-,-,-,-,-
202,37,North Carolina,57,Davidson County,2015,0.0,0.0,0.0,0.0,0.0,0.0,0.0,0.0,0.0,-,-,-,-,-,-,-
203,37,North Carolina,59,Davie County,1985,0.01,0.0,0.01,0.0,0.0,0.0,0.01,0.0,0.01,0.22,0.23,0.00,0.00,0.00,0.00,-
204,37,North Carolina,59,Davie County,1990,0.01,0.0,0.01,0.0,0.0,0.0,0.01,0.0,0.01,0.38,0.39,0.00,0.00,0.00,0.00,3
205,37,North Carolina,59,Davie County,1995,0.05,0.0,0.05,0.07,0.0,0.07,0.12,0.0,0.12,0.34,0.46,0.09,0.00,0.09,0.00,6
206,37,North Carolina,59,Davie County,2000,0.0,0.0,0.0,0.0,0.0,0.0,0.0,0.0,0.0,-,-,-,-,-,-,-
207,37,North Carolina,59,Davie County,2005,0.0,0.0,0.0,0.0,0.0,0.0,0.0,0.0,0.0,-,-,-,-,-,-,-
208,37,North Carolina,59,Davie County,2010,0.0,0.0,0.0,0.0,0.0,0.0,0.0,0.0,0.0,-,-,-,-,-,-,-
209,37,North Carolina,59,Davie County,2015,0.0,0.0,0.0,0.0,0.0,0.0,0.0,0.0,0.0,-,-,-,-,-,-,-
210,37,North Carolina,61,Duplin County,1985,2.21,0.0,2.21,0.0,0.0,0.0,2.21,0.0,2.21,0.32,2.53,0.18,0.00,0.18,0.00,-
211,37,North Carolina,61,Duplin County,1990,1.71,0.0,1.71,0.0,0.0,0.0,1.71,0.0,1.71,0.23,1.94,0.35,0.00,0.35,0.00,5
212,37,North Carolina,61,Duplin County,1995,0.2,0.0,0.2,0.82,0.0,0.82,1.02,0.0,1.02,2.84,3.86,0.77,0.00,0.77,0.00,13
213,37,North Carolina,61,Duplin County,2000,3.41,0.0,3.41,0.0,0.0,0.0,3.41,0.0,3.41,-,-,-,-,-,-,-
214,37,North Carolina,61,Duplin County,2005,2.3,0.0,2.3,0.05,0.0,0.05,2.35,0.0,2.35,-,-,-,-,-,-,-
215,37,North Carolina,61,Duplin County,2010,3.29,0.0,3.29,0.0,0.0,0.0,3.29,0.0,3.29,-,-,-,-,-,-,-
216,37,North Carolina,61,Duplin County,2015,3.13,0.0,3.13,0.0,0.0,0.0,3.13,0.0,3.13,-,-,-,-,-,-,-
217,37,North Carolina,63,Durham County,1985,0.1,0.0,0.1,0.0,0.0,0.0,0.1,0.0,0.1,2.79,2.89,0.01,0.00,0.01,0.00,-
218,37,North Carolina,63,Durham County,1990,0.01,0.0,0.01,0.0,0.0,0.0,0.01,0.0,0.01,1.60,1.61,0.00,0.00,0.00,0.00,1
219,37,North Carolina,63,Durham County,1995,0.25,0.0,0.25,3.75,0.0,3.75,4.0,0.0,4.0,1.30,5.30,1.06,0.00,1.06,0.00,30
220,37,North Carolina,63,Durham County,2000,0.0,0.0,0.0,0.0,0.0,0.0,0.0,0.0,0.0,-,-,-,-,-,-,-
221,37,North Carolina,63,Durham County,2005,0.0,0.0,0.0,0.0,0.0,0.0,0.0,0.0,0.0,-,-,-,-,-,-,-
222,37,North Carolina,63,Durham County,2010,0.0,0.0,0.0,0.0,0.0,0.0,0.0,0.0,0.0,-,-,-,-,-,-,-
223,37,North Carolina,63,Durham County,2015,0.0,0.0,0.0,0.0,0.0,0.0,0.0,0.0,0.0,-,-,-,-,-,-,-
224,37,North Carolina,65,Edgecombe County,1985,0.02,0.0,0.02,0.27,0.0,0.27,0.29,0.0,0.29,0.22,0.51,0.03,0.00,0.03,0.00,-
225,37,North Carolina,65,Edgecombe County,1990,0.0,0.0,0.0,0.0,0.0,0.0,0.0,0.0,0.0,1.23,1.23,0.00,0.00,0.00,0.00,0
226,37,North Carolina,65,Edgecombe County,1995,0.14,0.0,0.14,1.21,0.0,1.21,1.35,0.0,1.35,1.01,2.36,0.47,0.00,0.47,0.00,14
227,37,North Carolina,65,Edgecombe County,2000,0.0,0.0,0.0,0.0,0.0,0.0,0.0,0.0,0.0,-,-,-,-,-,-,-
228,37,North Carolina,65,Edgecombe County,2005,0.0,0.0,0.0,0.11,0.0,0.11,0.11,0.0,0.11,-,-,-,-,-,-,-
229,37,North Carolina,65,Edgecombe County,2010,0.0,0.0,0.0,0.0,0.0,0.0,0.0,0.0,0.0,-,-,-,-,-,-,-
230,37,North Carolina,65,Edgecombe County,2015,0.0,0.0,0.0,0.0,0.0,0.0,0.0,0.0,0.0,-,-,-,-,-,-,-
231,37,North Carolina,67,Forsyth County,1985,0.03,0.0,0.03,0.0,0.0,0.0,0.03,0.0,0.03,8.45,8.48,0.00,0.00,0.00,0.00,-
232,37,North Carolina,67,Forsyth County,1990,0.02,0.0,0.02,0.0,0.0,0.0,0.02,0.0,0.02,15.14,15.16,0.01,0.00,0.01,0.00,2
233,37,North Carolina,67,Forsyth County,1995,0.6,0.0,0.6,7.95,0.0,7.95,8.55,0.0,8.55,24.58,33.13,6.63,0.00,6.63,0.00,82
234,37,North Carolina,67,Forsyth County,2000,0.0,0.0,0.0,0.0,0.0,0.0,0.0,0.0,0.0,-,-,-,-,-,-,-
235,37,North Carolina,67,Forsyth County,2005,0.0,0.0,0.0,0.0,0.0,0.0,0.0,0.0,0.0,-,-,-,-,-,-,-
236,37,North Carolina,67,Forsyth County,2010,0.0,0.0,0.0,0.0,0.0,0.0,0.0,0.0,0.0,-,-,-,-,-,-,-
237,37,North Carolina,67,Forsyth County,2015,0.0,0.0,0.0,0.0,0.0,0.0,0.0,0.0,0.0,-,-,-,-,-,-,-
238,37,North Carolina,69,Franklin County,1985,0.0,0.0,0.0,0.0,0.0,0.0,0.0,0.0,0.0,0.00,0.00,0.00,0.00,0.00,0.00,-
239,37,North Carolina,69,Franklin County,1990,0.01,0.0,0.01,0.0,0.0,0.0,0.01,0.0,0.01,0.34,0.35,0.00,0.00,0.00,0.00,1
240,37,North Carolina,69,Franklin County,1995,0.02,0.0,0.02,0.01,0.0,0.01,0.03,0.0,0.03,0.32,0.35,0.07,0.00,0.07,0.00,9
241,37,North Carolina,69,Franklin County,2000,0.0,0.0,0.0,0.0,0.0,0.0,0.0,0.0,0.0,-,-,-,-,-,-,-
242,37,North Carolina,69,Franklin County,2005,0.0,0.0,0.0,0.0,0.0,0.0,0.0,0.0,0.0,-,-,-,-,-,-,-
243,37,North Carolina,69,Franklin County,2010,0.0,0.0,0.0,0.0,0.0,0.0,0.0,0.0,0.0,-,-,-,-,-,-,-
244,37,North Carolina,69,Franklin County,2015,0.0,0.0,0.0,0.0,0.0,0.0,0.0,0.0,0.0,-,-,-,-,-,-,-
245,37,North Carolina,71,Gaston County,1985,0.79,0.0,0.79,4.81,0.0,4.81,5.6,0.0,5.6,1.78,7.38,0.50,0.00,0.50,0.00,-
246,37,North Carolina,71,Gaston County,1990,0.24,0.0,0.24,1.9,0.0,1.9,2.14,0.0,2.14,14.57,16.71,0.05,0.00,0.05,0.00,8
247,37,North Carolina,71,Gaston County,1995,1.07,0.0,1.07,44.13,0.0,44.13,45.2,0.0,45.2,12.31,57.51,11.50,0.00,11.50,0.00,113
248,37,North Carolina,71,Gaston County,2000,0.0,0.0,0.0,3.07,0.0,3.07,3.07,0.0,3.07,-,-,-,-,-,-,-
249,37,North Carolina,71,Gaston County,2005,0.0,0.0,0.0,2.75,0.0,2.75,2.75,0.0,2.75,-,-,-,-,-,-,-
250,37,North Carolina,71,Gaston County,2010,0.01,0.0,0.01,0.84,0.0,0.84,0.85,0.0,0.85,-,-,-,-,-,-,-
251,37,North Carolina,71,Gaston County,2015,0.0,0.0,0.0,0.89,0.0,0.89,0.89,0.0,0.89,-,-,-,-,-,-,-
252,37,North Carolina,73,Gates County,1985,0.0,0.0,0.0,0.0,0.0,0.0,0.0,0.0,0.0,0.00,0.00,0.00,0.00,0.00,0.00,-
253,37,North Carolina,73,Gates County,1990,0.0,0.0,0.0,0.0,0.0,0.0,0.0,0.0,0.0,0.00,0.00,0.00,0.00,0.00,0.00,0
254,37,North Carolina,73,Gates County,1995,0.0,0.0,0.0,0.0,0.0,0.0,0.0,0.0,0.0,0.00,0.00,0.00,0.00,0.00,0.00,1
255,37,North Carolina,73,Gates County,2000,0.0,0.0,0.0,0.0,0.0,0.0,0.0,0.0,0.0,-,-,-,-,-,-,-
256,37,North Carolina,73,Gates County,2005,0.0,0.0,0.0,0.0,0.0,0.0,0.0,0.0,0.0,-,-,-,-,-,-,-
257,37,North Carolina,73,Gates County,2010,0.0,0.0,0.0,0.0,0.0,0.0,0.0,0.0,0.0,-,-,-,-,-,-,-
258,37,North Carolina,73,Gates County,2015,0.0,0.0,0.0,0.0,0.0,0.0,0.0,0.0,0.0,-,-,-,-,-,-,-
259,37,North Carolina,75,Graham County,1985,0.0,0.0,0.0,0.0,0.0,0.0,0.0,0.0,0.0,0.00,0.00,0.00,0.00,0.00,0.00,-
260,37,North Carolina,75,Graham County,1990,0.0,0.0,0.0,0.0,0.0,0.0,0.0,0.0,0.0,0.03,0.03,0.00,0.00,0.00,0.00,0
261,37,North Carolina,75,Graham County,1995,0.0,0.0,0.0,0.0,0.0,0.0,0.0,0.0,0.0,0.06,0.06,0.01,0.00,0.01,0.00,0
262,37,North Carolina,75,Graham County,2000,0.0,0.0,0.0,0.0,0.0,0.0,0.0,0.0,0.0,-,-,-,-,-,-,-
263,37,North Carolina,75,Graham County,2005,0.0,0.0,0.0,0.0,0.0,0.0,0.0,0.0,0.0,-,-,-,-,-,-,-
264,37,North Carolina,75,Graham County,2010,0.0,0.0,0.0,0.0,0.0,0.0,0.0,0.0,0.0,-,-,-,-,-,-,-
265,37,North Carolina,75,Graham County,2015,0.0,0.0,0.0,0.0,0.0,0.0,0.0,0.0,0.0,-,-,-,-,-,-,-
266,37,North Carolina,77,Granville County,1985,0.0,0.0,0.0,0.0,0.0,0.0,0.0,0.0,0.0,1.13,1.13,0.00,0.00,0.00,0.00,-
267,37,North Carolina,77,Granville County,1990,0.0,0.0,0.0,0.0,0.0,0.0,0.0,0.0,0.0,0.46,0.46,0.00,0.00,0.00,0.00,0
268,37,North Carolina,77,Granville County,1995,0.68,0.0,0.68,0.54,0.0,0.54,1.22,0.0,1.22,0.59,1.81,0.36,0.00,0.36,0.00,17
269,37,North Carolina,77,Granville County,2000,0.0,0.0,0.0,0.0,0.0,0.0,0.0,0.0,0.0,-,-,-,-,-,-,-
270,37,North Carolina,77,Granville County,2005,0.0,0.0,0.0,0.0,0.0,0.0,0.0,0.0,0.0,-,-,-,-,-,-,-
271,37,North Carolina,77,Granville County,2010,0.0,0.0,0.0,0.0,0.0,0.0,0.0,0.0,0.0,-,-,-,-,-,-,-
272,37,North Carolina,77,Granville County,2015,0.0,0.0,0.0,0.0,0.0,0.0,0.0,0.0,0.0,-,-,-,-,-,-,-
273,37,North Carolina,79,Greene County,1985,0.0,0.0,0.0,0.0,0.0,0.0,0.0,0.0,0.0,0.00,0.00,0.00,0.00,0.00,0.00,-
274,37,North Carolina,79,Greene County,1990,0.0,0.0,0.0,0.0,0.0,0.0,0.0,0.0,0.0,0.02,0.02,0.00,0.00,0.00,0.00,0
275,37,North Carolina,79,Greene County,1995,0.0,0.0,0.0,0.0,0.0,0.0,0.0,0.0,0.0,0.09,0.09,0.02,0.00,0.02,0.00,6
276,37,North Carolina,79,Greene County,2000,0.0,0.0,0.0,0.0,0.0,0.0,0.0,0.0,0.0,-,-,-,-,-,-,-
277,37,North Carolina,79,Greene County,2005,0.0,0.0,0.0,0.0,0.0,0.0,0.0,0.0,0.0,-,-,-,-,-,-,-
278,37,North Carolina,79,Greene County,2010,0.0,0.0,0.0,0.0,0.0,0.0,0.0,0.0,0.0,-,-,-,-,-,-,-
279,37,North Carolina,79,Greene County,2015,0.0,0.0,0.0,0.0,0.0,0.0,0.0,0.0,0.0,-,-,-,-,-,-,-
280,37,North Carolina,81,Guilford County,1985,0.63,0.0,0.63,1.7,0.0,1.7,2.33,0.0,2.33,15.28,17.61,0.80,0.00,0.80,0.00,-
281,37,North Carolina,81,Guilford County,1990,15.39,0.0,15.39,1.84,0.0,1.84,17.23,0.0,17.23,9.67,26.90,7.51,0.00,7.51,0.00,5
282,37,North Carolina,81,Guilford County,1995,4.36,0.0,4.36,30.08,0.0,30.08,34.44,0.0,34.44,10.01,44.45,8.89,0.00,8.89,0.00,199
283,37,North Carolina,81,Guilford County,2000,0.0,0.0,0.0,1.25,0.0,1.25,1.25,0.0,1.25,-,-,-,-,-,-,-
284,37,North Carolina,81,Guilford County,2005,0.0,0.0,0.0,0.0,0.0,0.0,0.0,0.0,0.0,-,-,-,-,-,-,-
285,37,North Carolina,81,Guilford County,2010,0.09,0.0,0.09,0.0,0.0,0.0,0.09,0.0,0.09,-,-,-,-,-,-,-
286,37,North Carolina,81,Guilford County,2015,0.0,0.0,0.0,0.0,0.0,0.0,0.0,0.0,0.0,-,-,-,-,-,-,-
287,37,North Carolina,83,Halifax County,1985,0.17,0.0,0.17,32.04,0.0,32.04,32.21,0.0,32.21,2.11,34.32,2.97,0.00,2.97,0.00,-
288,37,North Carolina,83,Halifax County,1990,0.0,0.0,0.0,26.9,0.0,26.9,26.9,0.0,26.9,2.46,29.36,0.00,0.00,0.00,0.00,1
289,37,North Carolina,83,Halifax County,1995,0.19,0.0,0.19,1.57,0.0,1.57,1.76,0.0,1.76,2.23,3.99,0.80,0.00,0.80,0.00,16
290,37,North Carolina,83,Halifax County,2000,0.06,0.0,0.06,25.94,0.0,25.94,26.0,0.0,26.0,-,-,-,-,-,-,-
291,37,North Carolina,83,Halifax County,2005,0.0,0.0,0.0,21.5,0.0,21.5,21.5,0.0,21.5,-,-,-,-,-,-,-
292,37,North Carolina,83,Halifax County,2010,0.0,0.0,0.0,17.54,0.0,17.54,17.54,0.0,17.54,-,-,-,-,-,-,-
293,37,North Carolina,83,Halifax County,2015,0.0,0.0,0.0,20.92,0.0,20.92,20.92,0.0,20.92,-,-,-,-,-,-,-
294,37,North Carolina,85,Harnett County,1985,0.07,0.0,0.07,2.5,0.0,2.5,2.57,0.0,2.57,0.00,2.57,0.29,0.00,0.29,0.00,-
295,37,North Carolina,85,Harnett County,1990,0.07,0.0,0.07,0.0,0.0,0.0,0.07,0.0,0.07,0.21,0.28,0.01,0.00,0.01,0.00,1
296,37,North Carolina,85,Harnett County,1995,2.93,0.0,2.93,81.21,0.0,81.21,84.14,0.0,84.14,0.19,84.33,16.87,0.00,16.87,0.00,12
297,37,North Carolina,85,Harnett County,2000,0.0,0.0,0.0,1.07,0.0,1.07,1.07,0.0,1.07,-,-,-,-,-,-,-
298,37,North Carolina,85,Harnett County,2005,0.0,0.0,0.0,0.0,0.0,0.0,0.0,0.0,0.0,-,-,-,-,-,-,-
299,37,North Carolina,85,Harnett County,2010,0.0,0.0,0.0,0.0,0.0,0.0,0.0,0.0,0.0,-,-,-,-,-,-,-
300,37,North Carolina,85,Harnett County,2015,0.0,0.0,0.0,0.0,0.0,0.0,0.0,0.0,0.0,-,-,-,-,-,-,-
301,37,North Carolina,87,Haywood County,1985,2.5,0.0,2.5,47.97,0.0,47.97,50.47,0.0,50.47,0.15,50.62,2.50,0.00,2.50,0.00,-
302,37,North Carolina,87,Haywood County,1990,0.0,0.0,0.0,50.6,0.0,50.6,50.6,0.0,50.6,1.63,52.23,3.10,0.00,3.10,0.00,4
303,37,North Carolina,87,Haywood County,1995,0.13,0.0,0.13,26.04,0.0,26.04,26.17,0.0,26.17,0.00,26.17,5.23,0.00,5.23,0.00,5
304,37,North Carolina,87,Haywood County,2000,0.0,0.0,0.0,24.83,0.0,24.83,24.83,0.0,24.83,-,-,-,-,-,-,-
305,37,North Carolina,87,Haywood County,2005,0.0,0.0,0.0,24.73,0.0,24.73,24.73,0.0,24.73,-,-,-,-,-,-,-
306,37,North Carolina,87,Haywood County,2010,0.0,0.0,0.0,30.25,0.0,30.25,30.25,0.0,30.25,-,-,-,-,-,-,-
307,37,North Carolina,87,Haywood County,2015,0.0,0.0,0.0,33.66,0.0,33.66,33.66,0.0,33.66,-,-,-,-,-,-,-
308,37,North Carolina,89,Henderson County,1985,0.19,0.0,0.19,1.8,0.0,1.8,1.99,0.0,1.99,2.32,4.31,0.18,0.00,0.18,0.00,-
309,37,North Carolina,89,Henderson County,1990,0.09,0.0,0.09,1.8,0.0,1.8,1.89,0.0,1.89,0.94,2.83,0.01,0.00,0.01,0.00,3
310,37,North Carolina,89,Henderson County,1995,0.31,0.0,0.31,1.69,0.0,1.69,2.0,0.0,2.0,0.96,2.96,0.59,0.00,0.59,0.00,25
311,37,North Carolina,89,Henderson County,2000,0.0,0.0,0.0,0.12,0.0,0.12,0.12,0.0,0.12,-,-,-,-,-,-,-
312,37,North Carolina,89,Henderson County,2005,0.0,0.0,0.0,0.0,0.0,0.0,0.0,0.0,0.0,-,-,-,-,-,-,-
313,37,North Carolina,89,Henderson County,2010,0.0,0.0,0.0,0.0,0.0,0.0,0.0,0.0,0.0,-,-,-,-,-,-,-
314,37,North Carolina,89,Henderson County,2015,0.0,0.0,0.0,0.0,0.0,0.0,0.0,0.0,0.0,-,-,-,-,-,-,-
315,37,North Carolina,91,Hertford County,1985,1.49,0.0,1.49,0.0,0.0,0.0,1.49,0.0,1.49,0.00,1.49,0.00,0.00,0.00,0.00,-
316,37,North Carolina,91,Hertford County,1990,1.43,0.0,1.43,0.0,0.0,0.0,1.43,0.0,1.43,0.28,1.71,0.18,0.00,0.18,0.00,1
317,37,North Carolina,91,Hertford County,1995,0.0,0.0,0.0,0.0,0.0,0.0,0.0,0.0,0.0,0.10,0.10,0.02,0.00,0.02,0.00,4
318,37,North Carolina,91,Hertford County,2000,0.82,0.0,0.82,0.0,0.0,0.0,0.82,0.0,0.82,-,-,-,-,-,-,-
319,37,North Carolina,91,Hertford County,2005,0.07,0.0,0.07,0.0,0.0,0.0,0.07,0.0,0.07,-,-,-,-,-,-,-
320,37,North Carolina,91,Hertford County,2010,2.5,0.0,2.5,0.0,0.0,0.0,2.5,0.0,2.5,-,-,-,-,-,-,-
321,37,North Carolina,91,Hertford County,2015,0.84,0.0,0.84,0.8,0.0,0.8,1.64,0.0,1.64,-,-,-,-,-,-,-
322,37,North Carolina,93,Hoke County,1985,0.0,0.0,0.0,0.0,0.0,0.0,0.0,0.0,0.0,0.65,0.65,0.00,0.00,0.00,0.00,-
323,37,North Carolina,93,Hoke County,1990,0.0,0.0,0.0,0.0,0.0,0.0,0.0,0.0,0.0,1.40,1.40,0.00,0.00,0.00,0.00,0
324,37,North Carolina,93,Hoke County,1995,0.0,0.0,0.0,0.14,0.0,0.14,0.14,0.0,0.14,1.32,1.46,0.29,0.00,0.29,0.00,6
325,37,North Carolina,93,Hoke County,2000,0.2,0.0,0.2,0.25,0.0,0.25,0.45,0.0,0.45,-,-,-,-,-,-,-
326,37,North Carolina,93,Hoke County,2005,0.0,0.0,0.0,0.0,0.0,0.0,0.0,0.0,0.0,-,-,-,-,-,-,-
327,37,North Carolina,93,Hoke County,2010,0.0,0.0,0.0,0.0,0.0,0.0,0.0,0.0,0.0,-,-,-,-,-,-,-
328,37,North Carolina,93,Hoke County,2015,0.05,0.0,0.05,0.0,0.0,0.0,0.05,0.0,0.05,-,-,-,-,-,-,-
329,37,North Carolina,95,Hyde County,1985,0.0,0.0,0.0,0.0,0.0,0.0,0.0,0.0,0.0,0.00,0.00,0.00,0.00,0.00,0.00,-
330,37,North Carolina,95,Hyde County,1990,0.0,0.0,0.0,0.0,0.0,0.0,0.0,0.0,0.0,0.00,0.00,0.00,0.00,0.00,0.00,0
331,37,North Carolina,95,Hyde County,1995,0.01,0.0,0.01,0.02,0.0,0.02,0.03,0.0,0.03,0.00,0.03,0.01,0.00,0.01,0.00,3
332,37,North Carolina,95,Hyde County,2000,0.0,0.0,0.0,0.0,0.0,0.0,0.0,0.0,0.0,-,-,-,-,-,-,-
333,37,North Carolina,95,Hyde County,2005,0.0,0.0,0.0,0.0,0.0,0.0,0.0,0.0,0.0,-,-,-,-,-,-,-
334,37,North Carolina,95,Hyde County,2010,0.0,0.0,0.0,0.0,0.0,0.0,0.0,0.0,0.0,-,-,-,-,-,-,-
335,37,North Carolina,95,Hyde County,2015,0.0,0.0,0.0,0.0,0.0,0.0,0.0,0.0,0.0,-,-,-,-,-,-,-
336,37,North Carolina,97,Iredell County,1985,0.6,0.0,0.6,0.3,0.0,0.3,0.9,0.0,0.9,1.10,2.00,0.06,0.00,0.06,0.00,-
337,37,North Carolina,97,Iredell County,1990,0.54,0.0,0.54,0.3,0.0,0.3,0.84,0.0,0.84,2.05,2.89,0.19,0.00,0.19,0.00,5
338,37,North Carolina,97,Iredell County,1995,0.65,0.0,0.65,6.81,0.0,6.81,7.46,0.0,7.46,0.64,8.10,1.62,0.00,1.62,0.00,63
339,37,North Carolina,97,Iredell County,2000,0.03,0.0,0.03,0.01,0.0,0.01,0.04,0.0,0.04,-,-,-,-,-,-,-
340,37,North Carolina,97,Iredell County,2005,0.03,0.0,0.03,0.0,0.0,0.0,0.03,0.0,0.03,-,-,-,-,-,-,-
341,37,North Carolina,97,Iredell County,2010,0.14,0.0,0.14,0.0,0.0,0.0,0.14,0.0,0.14,-,-,-,-,-,-,-
342,37,North Carolina,97,Iredell County,2015,0.1,0.0,0.1,0.0,0.0,0.0,0.1,0.0,0.1,-,-,-,-,-,-,-
343,37,North Carolina,99,Jackson County,1985,0.01,0.0,0.01,0.0,0.0,0.0,0.01,0.0,0.01,0.05,0.06,0.00,0.00,0.00,0.00,-
344,37,North Carolina,99,Jackson County,1990,0.0,0.0,0.0,0.01,0.0,0.01,0.01,0.0,0.01,0.00,0.01,0.01,0.00,0.01,0.00,1
345,37,North Carolina,99,Jackson County,1995,0.03,0.0,0.03,0.08,0.0,0.08,0.11,0.0,0.11,0.11,0.22,0.04,0.00,0.04,0.00,3
346,37,North Carolina,99,Jackson County,2000,0.0,0.0,0.0,0.0,0.0,0.0,0.0,0.0,0.0,-,-,-,-,-,-,-
347,37,North Carolina,99,Jackson County,2005,0.0,0.0,0.0,0.0,0.0,0.0,0.0,0.0,0.0,-,-,-,-,-,-,-
348,37,North Carolina,99,Jackson County,2010,0.0,0.0,0.0,0.08,0.0,0.08,0.08,0.0,0.08,-,-,-,-,-,-,-
349,37,North Carolina,99,Jackson County,2015,0.0,0.0,0.0,0.09,0.0,0.09,0.09,0.0,0.09,-,-,-,-,-,-,-
350,37,North Carolina,101,Johnston County,1985,0.08,0.0,0.08,0.0,0.0,0.0,0.08,0.0,0.08,0.51,0.59,0.00,0.00,0.00,0.00,-
351,37,North Carolina,101,Johnston County,1990,0.09,0.0,0.09,0.0,0.0,0.0,0.09,0.0,0.09,1.03,1.12,0.00,0.00,0.00,0.00,1
352,37,North Carolina,101,Johnston County,1995,0.04,0.0,0.04,0.02,0.0,0.02,0.06,0.0,0.06,0.55,0.61,0.12,0.00,0.12,0.00,17
353,37,North Carolina,101,Johnston County,2000,0.0,0.0,0.0,0.0,0.0,0.0,0.0,0.0,0.0,-,-,-,-,-,-,-
354,37,North Carolina,101,Johnston County,2005,0.0,0.0,0.0,0.0,0.0,0.0,0.0,0.0,0.0,-,-,-,-,-,-,-
355,37,North Carolina,101,Johnston County,2010,0.0,0.0,0.0,0.0,0.0,0.0,0.0,0.0,0.0,-,-,-,-,-,-,-
356,37,North Carolina,101,Johnston County,2015,0.0,0.0,0.0,0.0,0.0,0.0,0.0,0.0,0.0,-,-,-,-,-,-,-
357,37,North Carolina,103,Jones County,1985,0.0,0.0,0.0,0.0,0.0,0.0,0.0,0.0,0.0,0.00,0.00,0.00,0.00,0.00,0.00,-
358,37,North Carolina,103,Jones County,1990,0.0,0.0,0.0,0.0,0.0,0.0,0.0,0.0,0.0,0.00,0.00,0.00,0.00,0.00,0.00,0
359,37,North Carolina,103,Jones County,1995,0.67,0.0,0.67,2.15,0.0,2.15,2.82,0.0,2.82,0.00,2.82,0.56,0.00,0.56,0.00,1
360,37,North Carolina,103,Jones County,2000,0.0,0.0,0.0,0.0,0.0,0.0,0.0,0.0,0.0,-,-,-,-,-,-,-
361,37,North Carolina,103,Jones County,2005,0.0,0.0,0.0,0.0,0.0,0.0,0.0,0.0,0.0,-,-,-,-,-,-,-
362,37,North Carolina,103,Jones County,2010,0.0,0.0,0.0,0.0,0.0,0.0,0.0,0.0,0.0,-,-,-,-,-,-,-
363,37,North Carolina,103,Jones County,2015,0.0,0.0,0.0,0.0,0.0,0.0,0.0,0.0,0.0,-,-,-,-,-,-,-
364,37,North Carolina,105,Lee County,1985,0.3,0.0,0.3,0.09,0.0,0.09,0.39,0.0,0.39,0.00,0.39,0.04,0.00,0.04,0.00,-
365,37,North Carolina,105,Lee County,1990,0.0,0.0,0.0,0.0,0.0,0.0,0.0,0.0,0.0,1.67,1.67,0.00,0.00,0.00,0.00,0
366,37,North Carolina,105,Lee County,1995,0.0,0.0,0.0,0.0,0.0,0.0,0.0,0.0,0.0,1.53,1.53,0.31,0.00,0.31,0.00,23
367,37,North Carolina,105,Lee County,2000,0.0,0.0,0.0,0.0,0.0,0.0,0.0,0.0,0.0,-,-,-,-,-,-,-
368,37,North Carolina,105,Lee County,2005,0.0,0.0,0.0,0.86,0.0,0.86,0.86,0.0,0.86,-,-,-,-,-,-,-
369,37,North Carolina,105,Lee County,2010,0.0,0.0,0.0,1.0,0.0,1.0,1.0,0.0,1.0,-,-,-,-,-,-,-
370,37,North Carolina,105,Lee County,2015,0.0,0.0,0.0,0.49,0.0,0.49,0.49,0.0,0.49,-,-,-,-,-,-,-
371,37,North Carolina,107,Lenoir County,1985,3.44,0.0,3.44,0.0,0.0,0.0,3.44,0.0,3.44,1.13,4.57,0.70,0.00,0.70,0.00,-
372,37,North Carolina,107,Lenoir County,1990,3.35,0.0,3.35,0.0,0.0,0.0,3.35,0.0,3.35,1.16,4.51,0.59,0.00,0.59,0.00,2
373,37,North Carolina,107,Lenoir County,1995,0.07,0.0,0.07,0.18,0.0,0.18,0.25,0.0,0.25,1.23,1.48,0.30,0.00,0.30,0.00,21
374,37,North Carolina,107,Lenoir County,2000,2.44,0.0,2.44,0.0,0.0,0.0,2.44,0.0,2.44,-,-,-,-,-,-,-
375,37,North Carolina,107,Lenoir County,2005,1.18,0.0,1.18,0.0,0.0,0.0,1.18,0.0,1.18,-,-,-,-,-,-,-
376,37,North Carolina,107,Lenoir County,2010,0.83,0.0,0.83,0.0,0.0,0.0,0.83,0.0,0.83,-,-,-,-,-,-,-
377,37,North Carolina,107,Lenoir County,2015,0.31,0.0,0.31,0.0,0.0,0.0,0.31,0.0,0.31,-,-,-,-,-,-,-
378,37,North Carolina,109,Lincoln County,1985,0.6,0.0,0.6,0.0,0.0,0.0,0.6,0.0,0.6,2.00,2.60,0.00,0.00,0.00,0.00,-
379,37,North Carolina,109,Lincoln County,1990,0.0,0.0,0.0,0.15,0.0,0.15,0.15,0.0,0.15,1.13,1.28,0.00,0.00,0.00,0.00,1
380,37,North Carolina,109,Lincoln County,1995,0.01,0.0,0.01,0.51,0.0,0.51,0.52,0.0,0.52,1.67,2.19,0.44,0.00,0.44,0.00,24
381,37,North Carolina,109,Lincoln County,2000,0.39,0.0,0.39,0.0,0.0,0.0,0.39,0.0,0.39,-,-,-,-,-,-,-
382,37,North Carolina,109,Lincoln County,2005,0.0,0.0,0.0,0.0,0.0,0.0,0.0,0.0,0.0,-,-,-,-,-,-,-
383,37,North Carolina,109,Lincoln County,2010,0.0,0.0,0.0,0.0,0.0,0.0,0.0,0.0,0.0,-,-,-,-,-,-,-
384,37,North Carolina,109,Lincoln County,2015,0.0,0.0,0.0,0.0,0.0,0.0,0.0,0.0,0.0,-,-,-,-,-,-,-
385,37,North Carolina,111,McDowell County,1985,2.3,0.0,2.3,3.43,0.0,3.43,5.73,0.0,5.73,0.30,6.03,1.18,0.00,1.18,0.00,-
386,37,North Carolina,111,McDowell County,1990,1.35,0.0,1.35,1.7,0.0,1.7,3.05,0.0,3.05,1.30,4.35,1.05,0.00,1.05,0.00,4
387,37,North Carolina,111,McDowell County,1995,1.46,0.0,1.46,0.19,0.0,0.19,1.65,0.0,1.65,0.69,2.34,0.35,0.00,0.35,0.00,18
388,37,North Carolina,111,McDowell County,2000,1.5,0.0,1.5,0.96,0.0,0.96,2.46,0.0,2.46,-,-,-,-,-,-,-
389,37,North Carolina,111,McDowell County,2005,2.13,0.0,2.13,0.0,0.0,0.0,2.13,0.0,2.13,-,-,-,-,-,-,-
390,37,North Carolina,111,McDowell County,2010,1.18,0.0,1.18,0.14,0.0,0.14,1.32,0.0,1.32,-,-,-,-,-,-,-
391,37,North Carolina,111,McDowell County,2015,1.35,0.0,1.35,0.5,0.0,0.5,1.85,0.0,1.85,-,-,-,-,-,-,-
392,37,North Carolina,113,Macon County,1985,0.0,0.0,0.0,0.0,0.0,0.0,0.0,0.0,0.0,0.00,0.00,0.00,0.00,0.00,0.00,-
393,37,North Carolina,113,Macon County,1990,0.0,0.0,0.0,0.0,0.0,0.0,0.0,0.0,0.0,0.04,0.04,0.00,0.00,0.00,0.00,0
394,37,North Carolina,113,Macon County,1995,0.03,0.0,0.03,0.16,0.0,0.16,0.19,0.0,0.19,0.08,0.27,0.04,0.00,0.04,0.00,4
395,37,North Carolina,113,Macon County,2000,0.0,0.0,0.0,0.0,0.0,0.0,0.0,0.0,0.0,-,-,-,-,-,-,-
396,37,North Carolina,113,Macon County,2005,0.0,0.0,0.0,0.0,0.0,0.0,0.0,0.0,0.0,-,-,-,-,-,-,-
397,37,North Carolina,113,Macon County,2010,0.0,0.0,0.0,0.0,0.0,0.0,0.0,0.0,0.0,-,-,-,-,-,-,-
398,37,North Carolina,113,Macon County,2015,0.0,0.0,0.0,0.0,0.0,0.0,0.0,0.0,0.0,-,-,-,-,-,-,-
399,37,North Carolina,115,Madison County,1985,0.0,0.0,0.0,0.0,0.0,0.0,0.0,0.0,0.0,0.00,0.00,0.00,0.00,0.00,0.00,-
400,37,North Carolina,115,Madison County,1990,0.0,0.0,0.0,0.0,0.0,0.0,0.0,0.0,0.0,0.01,0.01,0.00,0.00,0.00,0.00,0
401,37,North Carolina,115,Madison County,1995,0.01,0.0,0.01,0.01,0.0,0.01,0.02,0.0,0.02,0.00,0.02,0.00,0.00,0.00,0.00,2
402,37,North Carolina,115,Madison County,2000,0.0,0.0,0.0,0.0,0.0,0.0,0.0,0.0,0.0,-,-,-,-,-,-,-
403,37,North Carolina,115,Madison County,2005,0.0,0.0,0.0,0.0,0.0,0.0,0.0,0.0,0.0,-,-,-,-,-,-,-
404,37,North Carolina,115,Madison County,2010,0.0,0.0,0.0,0.0,0.0,0.0,0.0,0.0,0.0,-,-,-,-,-,-,-
405,37,North Carolina,115,Madison County,2015,0.0,0.0,0.0,0.0,0.0,0.0,0.0,0.0,0.0,-,-,-,-,-,-,-
406,37,North Carolina,117,Martin County,1985,1.88,0.0,1.88,61.1,0.0,61.1,62.98,0.0,62.98,0.41,63.39,16.46,0.00,16.46,0.00,-
407,37,North Carolina,117,Martin County,1990,2.86,0.0,2.86,86.01,0.0,86.01,88.87,0.0,88.87,0.62,89.49,0.20,0.00,0.20,0.00,2
408,37,North Carolina,117,Martin County,1995,0.0,0.0,0.0,0.0,0.0,0.0,0.0,0.0,0.0,1.16,1.16,0.14,0.00,0.14,0.00,11
409,37,North Carolina,117,Martin County,2000,2.52,0.0,2.52,80.0,0.0,80.0,82.52,0.0,82.52,-,-,-,-,-,-,-
410,37,North Carolina,117,Martin County,2005,76.3,0.0,76.3,75.77,0.0,75.77,152.07,0.0,152.07,-,-,-,-,-,-,-
411,37,North Carolina,117,Martin County,2010,0.59,0.0,0.59,57.96,0.0,57.96,58.55,0.0,58.55,-,-,-,-,-,-,-
412,37,North Carolina,117,Martin County,2015,0.71,0.0,0.71,46.63,0.0,46.63,47.34,0.0,47.34,-,-,-,-,-,-,-
413,37,North Carolina,119,Mecklenburg County,1985,0.74,0.0,0.74,14.98,0.0,14.98,15.72,0.0,15.72,3.25,18.97,0.75,0.00,0.75,0.00,-
414,37,North Carolina,119,Mecklenburg County,1990,0.16,0.0,0.16,0.08,0.0,0.08,0.24,0.0,0.24,3.06,3.30,0.03,0.00,0.03,0.00,4
415,37,North Carolina,119,Mecklenburg County,1995,0.86,0.0,0.86,4.57,0.0,4.57,5.43,0.0,5.43,0.63,6.06,1.21,0.00,1.21,0.00,230
416,37,North Carolina,119,Mecklenburg County,2000,0.0,0.0,0.0,11.8,0.0,11.8,11.8,0.0,11.8,-,-,-,-,-,-,-
417,37,North Carolina,119,Mecklenburg County,2005,0.0,0.0,0.0,12.68,0.0,12.68,12.68,0.0,12.68,-,-,-,-,-,-,-
418,37,North Carolina,119,Mecklenburg County,2010,0.08,0.0,0.08,6.52,0.0,6.52,6.6,0.0,6.6,-,-,-,-,-,-,-
419,37,North Carolina,119,Mecklenburg County,2015,0.17,0.0,0.17,6.88,0.0,6.88,7.05,0.0,7.05,-,-,-,-,-,-,-
420,37,North Carolina,121,Mitchell County,1985,0.0,0.0,0.0,2.82,0.0,2.82,2.82,0.0,2.82,0.00,2.82,1.28,0.00,1.28,0.00,-
421,37,North Carolina,121,Mitchell County,1990,0.0,0.0,0.0,0.22,0.0,0.22,0.22,0.0,0.22,0.24,0.46,0.01,0.00,0.01,0.00,1
422,37,North Carolina,121,Mitchell County,1995,0.0,0.0,0.0,0.0,0.0,0.0,0.0,0.0,0.0,0.03,0.03,0.01,0.00,0.01,0.00,3
423,37,North Carolina,121,Mitchell County,2000,0.0,0.0,0.0,0.34,0.0,0.34,0.34,0.0,0.34,-,-,-,-,-,-,-
424,37,North Carolina,121,Mitchell County,2005,0.0,0.0,0.0,0.0,0.0,0.0,0.0,0.0,0.0,-,-,-,-,-,-,-
425,37,North Carolina,121,Mitchell County,2010,0.0,0.0,0.0,0.0,0.0,0.0,0.0,0.0,0.0,-,-,-,-,-,-,-
426,37,North Carolina,121,Mitchell County,2015,0.0,0.0,0.0,0.0,0.0,0.0,0.0,0.0,0.0,-,-,-,-,-,-,-
427,37,North Carolina,123,Montgomery County,1985,0.0,0.0,0.0,0.0,0.0,0.0,0.0,0.0,0.0,0.14,0.14,0.00,0.00,0.00,0.00,-
428,37,North Carolina,123,Montgomery County,1990,0.0,0.0,0.0,0.0,0.0,0.0,0.0,0.0,0.0,0.64,0.64,0.00,0.00,0.00,0.00,0
429,37,North Carolina,123,Montgomery County,1995,0.01,0.0,0.01,0.03,0.0,0.03,0.04,0.0,0.04,0.62,0.66,0.13,0.00,0.13,0.00,30
430,37,North Carolina,123,Montgomery County,2000,0.0,0.0,0.0,0.0,0.0,0.0,0.0,0.0,0.0,-,-,-,-,-,-,-
431,37,North Carolina,123,Montgomery County,2005,0.0,0.0,0.0,0.0,0.0,0.0,0.0,0.0,0.0,-,-,-,-,-,-,-
432,37,North Carolina,123,Montgomery County,2010,0.0,0.0,0.0,0.0,0.0,0.0,0.0,0.0,0.0,-,-,-,-,-,-,-
433,37,North Carolina,123,Montgomery County,2015,0.0,0.0,0.0,0.0,0.0,0.0,0.0,0.0,0.0,-,-,-,-,-,-,-
434,37,North Carolina,125,Moore County,1985,0.0,0.0,0.0,0.0,0.0,0.0,0.0,0.0,0.0,0.55,0.55,0.00,0.00,0.00,0.00,-
435,37,North Carolina,125,Moore County,1990,0.03,0.0,0.03,0.0,0.0,0.0,0.03,0.0,0.03,0.98,1.01,0.00,0.00,0.00,0.00,1
436,37,North Carolina,125,Moore County,1995,0.01,0.0,0.01,0.0,0.0,0.0,0.01,0.0,0.01,0.96,0.97,0.19,0.00,0.19,0.00,19
437,37,North Carolina,125,Moore County,2000,0.0,0.0,0.0,0.0,0.0,0.0,0.0,0.0,0.0,-,-,-,-,-,-,-
438,37,North Carolina,125,Moore County,2005,0.0,0.0,0.0,0.0,0.0,0.0,0.0,0.0,0.0,-,-,-,-,-,-,-
439,37,North Carolina,125,Moore County,2010,0.0,0.0,0.0,0.0,0.0,0.0,0.0,0.0,0.0,-,-,-,-,-,-,-
440,37,North Carolina,125,Moore County,2015,0.0,0.0,0.0,0.0,0.0,0.0,0.0,0.0,0.0,-,-,-,-,-,-,-
441,37,North Carolina,127,Nash County,1985,0.1,0.0,0.1,0.0,0.0,0.0,0.1,0.0,0.1,8.44,8.54,0.02,0.00,0.02,0.00,-
442,37,North Carolina,127,Nash County,1990,0.14,0.0,0.14,0.0,0.0,0.0,0.14,0.0,0.14,5.12,5.26,0.14,0.00,0.14,0.00,2
443,37,North Carolina,127,Nash County,1995,0.19,0.0,0.19,1.57,0.0,1.57,1.76,0.0,1.76,5.31,7.07,1.41,0.00,1.41,0.00,20
444,37,North Carolina,127,Nash County,2000,0.0,0.0,0.0,0.0,0.0,0.0,0.0,0.0,0.0,-,-,-,-,-,-,-
445,37,North Carolina,127,Nash County,2005,0.0,0.0,0.0,0.0,0.0,0.0,0.0,0.0,0.0,-,-,-,-,-,-,-
446,37,North Carolina,127,Nash County,2010,0.0,0.0,0.0,0.0,0.0,0.0,0.0,0.0,0.0,-,-,-,-,-,-,-
447,37,North Carolina,127,Nash County,2015,0.0,0.0,0.0,0.0,0.0,0.0,0.0,0.0,0.0,-,-,-,-,-,-,-
448,37,North Carolina,129,New Hanover County,1985,6.0,0.0,6.0,0.89,6.0,6.89,6.89,6.0,12.89,2.01,14.90,1.39,0.54,1.93,0.00,-
449,37,North Carolina,129,New Hanover County,1990,6.65,0.0,6.65,1.7,0.05,1.75,8.35,0.05,8.4,2.85,11.25,1.66,0.01,1.67,0.00,8
450,37,North Carolina,129,New Hanover County,1995,0.13,0.0,0.13,0.3,0.0,0.3,0.43,0.0,0.43,0.44,0.87,0.17,0.00,0.17,0.00,29
451,37,North Carolina,129,New Hanover County,2000,3.32,0.0,3.32,1.92,0.0,1.92,5.24,0.0,5.24,-,-,-,-,-,-,-
452,37,North Carolina,129,New Hanover County,2005,1.06,0.0,1.06,1.05,0.0,1.05,2.11,0.0,2.11,-,-,-,-,-,-,-
453,37,North Carolina,129,New Hanover County,2010,4.51,0.0,4.51,1.09,0.0,1.09,5.6,0.0,5.6,-,-,-,-,-,-,-
454,37,North Carolina,129,New Hanover County,2015,1.37,0.0,1.37,1.02,0.0,1.02,2.39,0.0,2.39,-,-,-,-,-,-,-
455,37,North Carolina,131,Northampton County,1985,0.2,0.0,0.2,0.0,0.0,0.0,0.2,0.0,0.2,0.02,0.22,0.00,0.00,0.00,0.00,-
456,37,North Carolina,131,Northampton County,1990,0.2,0.0,0.2,0.0,0.0,0.0,0.2,0.0,0.2,0.28,0.48,0.10,0.00,0.10,0.00,2
457,37,North Carolina,131,Northampton County,1995,0.0,0.0,0.0,0.02,0.0,0.02,0.02,0.0,0.02,0.34,0.36,0.07,0.00,0.07,0.00,6
458,37,North Carolina,131,Northampton County,2000,0.0,0.0,0.0,0.0,0.0,0.0,0.0,0.0,0.0,-,-,-,-,-,-,-
459,37,North Carolina,131,Northampton County,2005,0.0,0.0,0.0,0.0,0.0,0.0,0.0,0.0,0.0,-,-,-,-,-,-,-
460,37,North Carolina,131,Northampton County,2010,0.0,0.0,0.0,0.0,0.0,0.0,0.0,0.0,0.0,-,-,-,-,-,-,-
461,37,North Carolina,131,Northampton County,2015,0.0,0.0,0.0,0.0,0.0,0.0,0.0,0.0,0.0,-,-,-,-,-,-,-
462,37,North Carolina,133,Onslow County,1985,0.04,0.0,0.04,0.0,0.0,0.0,0.04,0.0,0.04,0.82,0.86,0.00,0.00,0.00,0.00,-
463,37,North Carolina,133,Onslow County,1990,0.48,0.0,0.48,0.0,0.0,0.0,0.48,0.0,0.48,0.21,0.69,0.11,0.00,0.11,0.00,3
464,37,North Carolina,133,Onslow County,1995,0.0,0.0,0.0,0.0,0.0,0.0,0.0,0.0,0.0,0.05,0.05,0.01,0.00,0.01,0.00,0
465,37,North Carolina,133,Onslow County,2000,0.0,0.0,0.0,0.0,0.0,0.0,0.0,0.0,0.0,-,-,-,-,-,-,-
466,37,North Carolina,133,Onslow County,2005,0.0,0.0,0.0,0.0,0.0,0.0,0.0,0.0,0.0,-,-,-,-,-,-,-
467,37,North Carolina,133,Onslow County,2010,0.0,0.0,0.0,0.0,0.0,0.0,0.0,0.0,0.0,-,-,-,-,-,-,-
468,37,North Carolina,133,Onslow County,2015,0.0,0.0,0.0,0.0,0.0,0.0,0.0,0.0,0.0,-,-,-,-,-,-,-
469,37,North Carolina,135,Orange County,1985,0.01,0.0,0.01,0.0,0.0,0.0,0.01,0.0,0.01,1.78,1.79,0.00,0.00,0.00,0.00,-
470,37,North Carolina,135,Orange County,1990,0.0,0.0,0.0,0.0,0.0,0.0,0.0,0.0,0.0,0.74,0.74,0.00,0.00,0.00,0.00,0
471,37,North Carolina,135,Orange County,1995,0.0,0.0,0.0,0.0,0.0,0.0,0.0,0.0,0.0,0.75,0.75,0.15,0.00,0.15,0.00,4
472,37,North Carolina,135,Orange County,2000,0.0,0.0,0.0,0.0,0.0,0.0,0.0,0.0,0.0,-,-,-,-,-,-,-
473,37,North Carolina,135,Orange County,2005,0.0,0.0,0.0,0.0,0.0,0.0,0.0,0.0,0.0,-,-,-,-,-,-,-
474,37,North Carolina,135,Orange County,2010,0.0,0.0,0.0,0.0,0.0,0.0,0.0,0.0,0.0,-,-,-,-,-,-,-
475,37,North Carolina,135,Orange County,2015,0.0,0.0,0.0,0.0,0.0,0.0,0.0,0.0,0.0,-,-,-,-,-,-,-
476,37,North Carolina,137,Pamlico County,1985,0.0,0.0,0.0,0.0,0.0,0.0,0.0,0.0,0.0,0.00,0.00,0.00,0.00,0.00,0.00,-
477,37,North Carolina,137,Pamlico County,1990,0.0,0.0,0.0,0.0,0.0,0.0,0.0,0.0,0.0,0.01,0.01,0.00,0.00,0.00,0.00,0
478,37,North Carolina,137,Pamlico County,1995,0.0,0.0,0.0,0.0,0.0,0.0,0.0,0.0,0.0,0.00,0.00,0.00,0.00,0.00,0.00,1
479,37,North Carolina,137,Pamlico County,2000,0.0,0.0,0.0,0.0,0.0,0.0,0.0,0.0,0.0,-,-,-,-,-,-,-
480,37,North Carolina,137,Pamlico County,2005,0.0,0.0,0.0,0.0,0.0,0.0,0.0,0.0,0.0,-,-,-,-,-,-,-
481,37,North Carolina,137,Pamlico County,2010,0.0,0.0,0.0,0.0,0.0,0.0,0.0,0.0,0.0,-,-,-,-,-,-,-
482,37,North Carolina,137,Pamlico County,2015,0.0,0.0,0.0,0.0,0.0,0.0,0.0,0.0,0.0,-,-,-,-,-,-,-
483,37,North Carolina,139,Pasquotank County,1985,0.02,0.0,0.02,0.05,0.0,0.05,0.07,0.0,0.07,0.09,0.16,0.01,0.00,0.01,0.00,-
484,37,North Carolina,139,Pasquotank County,1990,0.0,0.0,0.0,0.0,0.0,0.0,0.0,0.0,0.0,1.00,1.00,0.00,0.00,0.00,0.00,0
485,37,North Carolina,139,Pasquotank County,1995,0.03,0.0,0.03,0.03,0.0,0.03,0.06,0.0,0.06,0.16,0.22,0.04,0.00,0.04,0.00,7
486,37,North Carolina,139,Pasquotank County,2000,0.0,0.0,0.0,0.0,0.0,0.0,0.0,0.0,0.0,-,-,-,-,-,-,-
487,37,North Carolina,139,Pasquotank County,2005,0.0,0.0,0.0,0.0,0.0,0.0,0.0,0.0,0.0,-,-,-,-,-,-,-
488,37,North Carolina,139,Pasquotank County,2010,0.0,0.0,0.0,0.0,0.0,0.0,0.0,0.0,0.0,-,-,-,-,-,-,-
489,37,North Carolina,139,Pasquotank County,2015,0.0,0.0,0.0,0.0,0.0,0.0,0.0,0.0,0.0,-,-,-,-,-,-,-
490,37,North Carolina,141,Pender County,1985,0.0,0.0,0.0,0.0,0.0,0.0,0.0,0.0,0.0,0.00,0.00,0.00,0.00,0.00,0.00,-
491,37,North Carolina,141,Pender County,1990,0.0,0.0,0.0,0.0,0.0,0.0,0.0,0.0,0.0,0.02,0.02,0.00,0.00,0.00,0.00,0
492,37,North Carolina,141,Pender County,1995,0.0,0.0,0.0,0.0,0.0,0.0,0.0,0.0,0.0,0.00,0.00,0.00,0.00,0.00,0.00,13
493,37,North Carolina,141,Pender County,2000,0.0,0.0,0.0,0.0,0.0,0.0,0.0,0.0,0.0,-,-,-,-,-,-,-
494,37,North Carolina,141,Pender County,2005,0.0,0.0,0.0,0.0,0.0,0.0,0.0,0.0,0.0,-,-,-,-,-,-,-
495,37,North Carolina,141,Pender County,2010,0.0,0.0,0.0,0.0,0.0,0.0,0.0,0.0,0.0,-,-,-,-,-,-,-
496,37,North Carolina,141,Pender County,2015,0.0,0.0,0.0,0.0,0.0,0.0,0.0,0.0,0.0,-,-,-,-,-,-,-
497,37,North Carolina,143,Perquimans County,1985,0.0,0.0,0.0,0.0,0.0,0.0,0.0,0.0,0.0,0.01,0.01,0.00,0.00,0.00,0.00,-
498,37,North Carolina,143,Perquimans County,1990,0.0,0.0,0.0,0.0,0.0,0.0,0.0,0.0,0.0,0.00,0.00,0.00,0.00,0.00,0.00,0
499,37,North Carolina,143,Perquimans County,1995,0.0,0.0,0.0,0.0,0.0,0.0,0.0,0.0,0.0,0.00,0.00,0.00,0.00,0.00,0.00,1
500,37,North Carolina,143,Perquimans County,2000,0.0,0.0,0.0,0.0,0.0,0.0,0.0,0.0,0.0,-,-,-,-,-,-,-
501,37,North Carolina,143,Perquimans County,2005,0.0,0.0,0.0,0.0,0.0,0.0,0.0,0.0,0.0,-,-,-,-,-,-,-
502,37,North Carolina,143,Perquimans County,2010,0.0,0.0,0.0,0.0,0.0,0.0,0.0,0.0,0.0,-,-,-,-,-,-,-
503,37,North Carolina,143,Perquimans County,2015,0.0,0.0,0.0,0.0,0.0,0.0,0.0,0.0,0.0,-,-,-,-,-,-,-
504,37,North Carolina,145,Person County,1985,0.0,0.0,0.0,0.0,0.0,0.0,0.0,0.0,0.0,1.80,1.80,0.00,0.00,0.00,0.00,-
505,37,North Carolina,145,Person County,1990,0.0,0.0,0.0,0.0,0.0,0.0,0.0,0.0,0.0,2.71,2.71,0.00,0.00,0.00,0.00,0
506,37,North Carolina,145,Person County,1995,0.21,0.0,0.21,0.5,0.0,0.5,0.71,0.0,0.71,2.84,3.55,0.71,0.00,0.71,0.00,3
507,37,North Carolina,145,Person County,2000,0.0,0.0,0.0,0.0,0.0,0.0,0.0,0.0,0.0,-,-,-,-,-,-,-
508,37,North Carolina,145,Person County,2005,0.0,0.0,0.0,0.0,0.0,0.0,0.0,0.0,0.0,-,-,-,-,-,-,-
509,37,North Carolina,145,Person County,2010,0.0,0.0,0.0,0.0,0.0,0.0,0.0,0.0,0.0,-,-,-,-,-,-,-
510,37,North Carolina,145,Person County,2015,0.0,0.0,0.0,0.22,0.0,0.22,0.22,0.0,0.22,-,-,-,-,-,-,-
511,37,North Carolina,147,Pitt County,1985,0.03,0.0,0.03,0.0,0.0,0.0,0.03,0.0,0.03,1.02,1.05,0.00,0.00,0.00,0.00,-
512,37,North Carolina,147,Pitt County,1990,0.0,0.0,0.0,0.0,0.0,0.0,0.0,0.0,0.0,2.85,2.85,0.00,0.00,0.00,0.00,0
513,37,North Carolina,147,Pitt County,1995,3.76,0.0,3.76,2.09,0.0,2.09,5.85,0.0,5.85,2.35,8.20,1.64,0.00,1.64,0.00,25
514,37,North Carolina,147,Pitt County,2000,0.21,0.0,0.21,0.0,0.0,0.0,0.21,0.0,0.21,-,-,-,-,-,-,-
515,37,North Carolina,147,Pitt County,2005,0.71,0.0,0.71,0.14,0.0,0.14,0.85,0.0,0.85,-,-,-,-,-,-,-
516,37,North Carolina,147,Pitt County,2010,0.25,0.0,0.25,0.0,0.0,0.0,0.25,0.0,0.25,-,-,-,-,-,-,-
517,37,North Carolina,147,Pitt County,2015,0.14,0.0,0.14,0.0,0.0,0.0,0.14,0.0,0.14,-,-,-,-,-,-,-
518,37,North Carolina,149,Polk County,1985,0.27,0.0,0.27,0.66,0.0,0.66,0.93,0.0,0.93,0.00,0.93,0.08,0.00,0.08,0.00,-
519,37,North Carolina,149,Polk County,1990,0.18,0.0,0.18,0.82,0.0,0.82,1.0,0.0,1.0,0.56,1.56,0.08,0.00,0.08,0.00,3
520,37,North Carolina,149,Polk County,1995,0.0,0.0,0.0,0.01,0.0,0.01,0.01,0.0,0.01,0.23,0.24,0.05,0.00,0.05,0.00,1
521,37,North Carolina,149,Polk County,2000,0.0,0.0,0.0,0.0,0.0,0.0,0.0,0.0,0.0,-,-,-,-,-,-,-
522,37,North Carolina,149,Polk County,2005,0.0,0.0,0.0,0.0,0.0,0.0,0.0,0.0,0.0,-,-,-,-,-,-,-
523,37,North Carolina,149,Polk County,2010,0.0,0.0,0.0,0.0,0.0,0.0,0.0,0.0,0.0,-,-,-,-,-,-,-
524,37,North Carolina,149,Polk County,2015,0.0,0.0,0.0,0.0,0.0,0.0,0.0,0.0,0.0,-,-,-,-,-,-,-
525,37,North Carolina,151,Randolph County,1985,0.53,0.0,0.53,0.1,0.0,0.1,0.63,0.0,0.63,2.42,3.05,0.06,0.00,0.06,0.00,-
526,37,North Carolina,151,Randolph County,1990,0.26,0.0,0.26,0.26,0.0,0.26,0.52,0.0,0.52,2.83,3.35,0.00,0.00,0.00,0.00,4
527,37,North Carolina,151,Randolph County,1995,1.7,0.0,1.7,1.51,0.0,1.51,3.21,0.0,3.21,3.60,6.81,1.36,0.00,1.36,0.00,60
528,37,North Carolina,151,Randolph County,2000,0.02,0.0,0.02,0.0,0.0,0.0,0.02,0.0,0.02,-,-,-,-,-,-,-
529,37,North Carolina,151,Randolph County,2005,0.0,0.0,0.0,0.0,0.0,0.0,0.0,0.0,0.0,-,-,-,-,-,-,-
530,37,North Carolina,151,Randolph County,2010,0.0,0.0,0.0,0.0,0.0,0.0,0.0,0.0,0.0,-,-,-,-,-,-,-
531,37,North Carolina,151,Randolph County,2015,0.0,0.0,0.0,0.0,0.0,0.0,0.0,0.0,0.0,-,-,-,-,-,-,-
532,37,North Carolina,153,Richmond County,1985,0.03,0.0,0.03,0.5,0.0,0.5,0.53,0.0,0.53,0.51,1.04,0.05,0.00,0.05,0.00,-
533,37,North Carolina,153,Richmond County,1990,0.24,0.0,0.24,1.72,0.0,1.72,1.96,0.0,1.96,2.40,4.36,0.12,0.00,0.12,0.00,3
534,37,North Carolina,153,Richmond County,1995,1.99,0.0,1.99,0.21,0.0,0.21,2.2,0.0,2.2,1.38,3.58,0.72,0.00,0.72,0.00,20
535,37,North Carolina,153,Richmond County,2000,0.0,0.0,0.0,0.0,0.0,0.0,0.0,0.0,0.0,-,-,-,-,-,-,-
536,37,North Carolina,153,Richmond County,2005,0.0,0.0,0.0,0.0,0.0,0.0,0.0,0.0,0.0,-,-,-,-,-,-,-
537,37,North Carolina,153,Richmond County,2010,0.0,0.0,0.0,0.0,0.0,0.0,0.0,0.0,0.0,-,-,-,-,-,-,-
538,37,North Carolina,153,Richmond County,2015,0.0,0.0,0.0,0.0,0.0,0.0,0.0,0.0,0.0,-,-,-,-,-,-,-
539,37,North Carolina,155,Robeson County,1985,3.04,0.0,3.04,0.0,0.0,0.0,3.04,0.0,3.04,4.57,7.61,0.45,0.00,0.45,0.00,-
540,37,North Carolina,155,Robeson County,1990,3.57,0.0,3.57,0.0,0.0,0.0,3.57,0.0,3.57,8.34,11.91,0.30,0.00,0.30,0.00,6
541,37,North Carolina,155,Robeson County,1995,1.48,0.0,1.48,4.11,0.0,4.11,5.59,0.0,5.59,8.80,14.39,2.88,0.00,2.88,0.00,37
542,37,North Carolina,155,Robeson County,2000,1.35,0.0,1.35,0.0,0.0,0.0,1.35,0.0,1.35,-,-,-,-,-,-,-
543,37,North Carolina,155,Robeson County,2005,1.35,0.0,1.35,0.0,0.0,0.0,1.35,0.0,1.35,-,-,-,-,-,-,-
544,37,North Carolina,155,Robeson County,2010,0.4,0.0,0.4,0.0,0.0,0.0,0.4,0.0,0.4,-,-,-,-,-,-,-
545,37,North Carolina,155,Robeson County,2015,0.72,0.0,0.72,0.0,0.0,0.0,0.72,0.0,0.72,-,-,-,-,-,-,-
546,37,North Carolina,157,Rockingham County,1985,0.07,0.0,0.07,3.72,0.0,3.72,3.79,0.0,3.79,4.83,8.62,0.36,0.00,0.36,0.00,-
547,37,North Carolina,157,Rockingham County,1990,0.03,0.0,0.03,0.0,0.0,0.0,0.03,0.0,0.03,8.40,8.43,0.01,0.00,0.01,0.00,2
548,37,North Carolina,157,Rockingham County,1995,0.02,0.0,0.02,0.77,0.0,0.77,0.79,0.0,0.79,9.46,10.25,1.60,0.00,1.60,0.00,26
549,37,North Carolina,157,Rockingham County,2000,0.0,0.0,0.0,0.07,0.0,0.07,0.07,0.0,0.07,-,-,-,-,-,-,-
550,37,North Carolina,157,Rockingham County,2005,0.0,0.0,0.0,0.0,0.0,0.0,0.0,0.0,0.0,-,-,-,-,-,-,-
551,37,North Carolina,157,Rockingham County,2010,0.0,0.0,0.0,0.01,0.0,0.01,0.01,0.0,0.01,-,-,-,-,-,-,-
552,37,North Carolina,157,Rockingham County,2015,0.0,0.0,0.0,0.0,0.0,0.0,0.0,0.0,0.0,-,-,-,-,-,-,-
553,37,North Carolina,159,Rowan County,1985,0.08,0.0,0.08,12.75,0.0,12.75,12.83,0.0,12.83,9.60,22.43,1.25,0.00,1.25,0.00,-
554,37,North Carolina,159,Rowan County,1990,10.08,0.0,10.08,3.7,0.0,3.7,13.78,0.0,13.78,7.01,20.79,0.75,0.00,0.75,0.00,8
555,37,North Carolina,159,Rowan County,1995,0.07,0.0,0.07,1.95,0.0,1.95,2.02,0.0,2.02,5.85,7.87,2.03,0.00,2.03,0.00,41
556,37,North Carolina,159,Rowan County,2000,0.31,0.0,0.31,2.98,0.0,2.98,3.29,0.0,3.29,-,-,-,-,-,-,-
557,37,North Carolina,159,Rowan County,2005,0.0,0.0,0.0,1.02,0.0,1.02,1.02,0.0,1.02,-,-,-,-,-,-,-
558,37,North Carolina,159,Rowan County,2010,0.0,0.0,0.0,0.41,0.0,0.41,0.41,0.0,0.41,-,-,-,-,-,-,-
559,37,North Carolina,159,Rowan County,2015,0.0,0.0,0.0,0.64,0.0,0.64,0.64,0.0,0.64,-,-,-,-,-,-,-
560,37,North Carolina,161,Rutherford County,1985,0.04,0.0,0.04,1.76,0.0,1.76,1.8,0.0,1.8,3.04,4.84,0.16,0.00,0.16,0.00,-
561,37,North Carolina,161,Rutherford County,1990,0.04,0.0,0.04,2.21,0.0,2.21,2.25,0.0,2.25,7.03,9.28,0.00,0.00,0.00,0.00,5
562,37,North Carolina,161,Rutherford County,1995,0.26,0.0,0.26,10.71,0.0,10.71,10.97,0.0,10.97,6.11,17.08,3.42,0.00,3.42,0.00,32
563,37,North Carolina,161,Rutherford County,2000,0.0,0.0,0.0,0.0,0.0,0.0,0.0,0.0,0.0,-,-,-,-,-,-,-
564,37,North Carolina,161,Rutherford County,2005,0.0,0.0,0.0,0.0,0.0,0.0,0.0,0.0,0.0,-,-,-,-,-,-,-
565,37,North Carolina,161,Rutherford County,2010,0.0,0.0,0.0,0.0,0.0,0.0,0.0,0.0,0.0,-,-,-,-,-,-,-
566,37,North Carolina,161,Rutherford County,2015,0.0,0.0,0.0,0.0,0.0,0.0,0.0,0.0,0.0,-,-,-,-,-,-,-
567,37,North Carolina,163,Sampson County,1985,1.31,0.0,1.31,0.0,0.0,0.0,1.31,0.0,1.31,0.56,1.87,0.12,0.00,0.12,0.00,-
568,37,North Carolina,163,Sampson County,1990,1.82,0.0,1.82,0.0,0.0,0.0,1.82,0.0,1.82,0.93,2.75,0.55,0.00,0.55,0.00,3
569,37,North Carolina,163,Sampson County,1995,0.0,0.0,0.0,0.05,0.0,0.05,0.05,0.0,0.05,0.25,0.30,0.06,0.00,0.06,0.00,9
570,37,North Carolina,163,Sampson County,2000,1.06,0.0,1.06,0.0,0.0,0.0,1.06,0.0,1.06,-,-,-,-,-,-,-
571,37,North Carolina,163,Sampson County,2005,1.81,0.0,1.81,0.0,0.0,0.0,1.81,0.0,1.81,-,-,-,-,-,-,-
572,37,North Carolina,163,Sampson County,2010,1.58,0.0,1.58,0.0,0.0,0.0,1.58,0.0,1.58,-,-,-,-,-,-,-
573,37,North Carolina,163,Sampson County,2015,2.57,0.0,2.57,0.0,0.0,0.0,2.57,0.0,2.57,-,-,-,-,-,-,-
574,37,North Carolina,165,Scotland County,1985,0.11,0.0,0.11,6.02,0.0,6.02,6.13,0.0,6.13,0.00,6.13,1.33,0.00,1.33,0.00,-
575,37,North Carolina,165,Scotland County,1990,0.64,0.0,0.64,4.01,0.0,4.01,4.65,0.0,4.65,0.34,4.99,0.17,0.00,0.17,0.00,4
576,37,North Carolina,165,Scotland County,1995,2.92,0.0,2.92,0.03,0.0,0.03,2.95,0.0,2.95,0.55,3.50,0.70,0.00,0.70,0.00,9
577,37,North Carolina,165,Scotland County,2000,0.15,0.0,0.15,3.74,0.0,3.74,3.89,0.0,3.89,-,-,-,-,-,-,-
578,37,North Carolina,165,Scotland County,2005,0.0,0.0,0.0,0.0,0.0,0.0,0.0,0.0,0.0,-,-,-,-,-,-,-
579,37,North Carolina,165,Scotland County,2010,0.0,0.0,0.0,0.59,0.0,0.59,0.59,0.0,0.59,-,-,-,-,-,-,-
580,37,North Carolina,165,Scotland County,2015,0.0,0.0,0.0,0.01,0.0,0.01,0.01,0.0,0.01,-,-,-,-,-,-,-
581,37,North Carolina,167,Stanly County,1985,0.38,0.0,0.38,1.78,0.0,1.78,2.16,0.0,2.16,6.40,8.56,0.19,0.00,0.19,0.00,-
582,37,North Carolina,167,Stanly County,1990,0.06,0.0,0.06,1.87,0.0,1.87,1.93,0.0,1.93,5.33,7.26,0.11,0.00,0.11,0.00,4
583,37,North Carolina,167,Stanly County,1995,0.08,0.0,0.08,0.53,0.0,0.53,0.61,0.0,0.61,2.50,3.11,0.62,0.00,0.62,0.00,29
584,37,North Carolina,167,Stanly County,2000,0.0,0.0,0.0,0.0,0.0,0.0,0.0,0.0,0.0,-,-,-,-,-,-,-
585,37,North Carolina,167,Stanly County,2005,0.0,0.0,0.0,0.0,0.0,0.0,0.0,0.0,0.0,-,-,-,-,-,-,-
586,37,North Carolina,167,Stanly County,2010,0.0,0.0,0.0,0.0,0.0,0.0,0.0,0.0,0.0,-,-,-,-,-,-,-
587,37,North Carolina,167,Stanly County,2015,0.0,0.0,0.0,0.0,0.0,0.0,0.0,0.0,0.0,-,-,-,-,-,-,-
588,37,North Carolina,169,Stokes County,1985,0.15,0.0,0.15,0.0,0.0,0.0,0.15,0.0,0.15,0.00,0.15,0.00,0.00,0.00,0.00,-
589,37,North Carolina,169,Stokes County,1990,0.16,0.0,0.16,0.0,0.0,0.0,0.16,0.0,0.16,0.40,0.56,0.02,0.00,0.02,0.00,3
590,37,North Carolina,169,Stokes County,1995,0.0,0.0,0.0,0.0,0.0,0.0,0.0,0.0,0.0,0.00,0.00,0.00,0.00,0.00,0.00,3
591,37,North Carolina,169,Stokes County,2000,0.07,0.0,0.07,0.0,0.0,0.0,0.07,0.0,0.07,-,-,-,-,-,-,-
592,37,North Carolina,169,Stokes County,2005,0.0,0.0,0.0,0.0,0.0,0.0,0.0,0.0,0.0,-,-,-,-,-,-,-
593,37,North Carolina,169,Stokes County,2010,0.0,0.0,0.0,0.0,0.0,0.0,0.0,0.0,0.0,-,-,-,-,-,-,-
594,37,North Carolina,169,Stokes County,2015,0.0,0.0,0.0,0.0,0.0,0.0,0.0,0.0,0.0,-,-,-,-,-,-,-
595,37,North Carolina,171,Surry County,1985,0.25,0.0,0.25,3.92,0.0,3.92,4.17,0.0,4.17,2.70,6.87,1.12,0.00,1.12,0.00,-
596,37,North Carolina,171,Surry County,1990,0.08,0.0,0.08,2.39,0.0,2.39,2.47,0.0,2.47,4.41,6.88,0.55,0.00,0.55,0.00,3
597,37,North Carolina,171,Surry County,1995,2.96,0.0,2.96,7.3,0.0,7.3,10.26,0.0,10.26,4.10,14.36,2.87,0.00,2.87,0.00,35
598,37,North Carolina,171,Surry County,2000,0.0,0.0,0.0,1.7,0.0,1.7,1.7,0.0,1.7,-,-,-,-,-,-,-
599,37,North Carolina,171,Surry County,2005,0.0,0.0,0.0,0.9,0.0,0.9,0.9,0.0,0.9,-,-,-,-,-,-,-
600,37,North Carolina,171,Surry County,2010,0.0,0.0,0.0,0.11,0.0,0.11,0.11,0.0,0.11,-,-,-,-,-,-,-
601,37,North Carolina,171,Surry County,2015,0.0,0.0,0.0,0.08,0.0,0.08,0.08,0.0,0.08,-,-,-,-,-,-,-
602,37,North Carolina,173,Swain County,1985,0.0,0.0,0.0,0.0,0.0,0.0,0.0,0.0,0.0,0.01,0.01,0.00,0.00,0.00,0.00,-
603,37,North Carolina,173,Swain County,1990,0.0,0.0,0.0,0.0,0.0,0.0,0.0,0.0,0.0,0.01,0.01,0.00,0.00,0.00,0.00,0
604,37,North Carolina,173,Swain County,1995,0.0,0.0,0.0,0.0,0.0,0.0,0.0,0.0,0.0,0.02,0.02,0.00,0.00,0.00,0.00,0
605,37,North Carolina,173,Swain County,2000,0.0,0.0,0.0,0.0,0.0,0.0,0.0,0.0,0.0,-,-,-,-,-,-,-
606,37,North Carolina,173,Swain County,2005,0.0,0.0,0.0,0.0,0.0,0.0,0.0,0.0,0.0,-,-,-,-,-,-,-
607,37,North Carolina,173,Swain County,2010,0.0,0.0,0.0,0.0,0.0,0.0,0.0,0.0,0.0,-,-,-,-,-,-,-
608,37,North Carolina,173,Swain County,2015,0.0,0.0,0.0,0.0,0.0,0.0,0.0,0.0,0.0,-,-,-,-,-,-,-
609,37,North Carolina,175,Transylvania County,1985,0.21,0.0,0.21,30.1,0.0,30.1,30.31,0.0,30.31,0.00,30.31,2.20,0.00,2.20,0.00,-
610,37,North Carolina,175,Transylvania County,1990,1.37,0.0,1.37,29.74,0.0,29.74,31.11,0.0,31.11,0.00,31.11,2.06,0.00,2.06,0.00,5
611,37,North Carolina,175,Transylvania County,1995,0.0,0.0,0.0,0.02,0.0,0.02,0.02,0.0,0.02,0.00,0.02,0.00,0.00,0.00,0.00,2
612,37,North Carolina,175,Transylvania County,2000,0.05,0.0,0.05,18.73,0.0,18.73,18.78,0.0,18.78,-,-,-,-,-,-,-
613,37,North Carolina,175,Transylvania County,2005,0.0,0.0,0.0,0.0,0.0,0.0,0.0,0.0,0.0,-,-,-,-,-,-,-
614,37,North Carolina,175,Transylvania County,2010,0.0,0.0,0.0,0.0,0.0,0.0,0.0,0.0,0.0,-,-,-,-,-,-,-
615,37,North Carolina,175,Transylvania County,2015,0.0,0.0,0.0,0.0,0.0,0.0,0.0,0.0,0.0,-,-,-,-,-,-,-
616,37,North Carolina,177,Tyrrell County,1985,0.0,0.0,0.0,0.0,0.0,0.0,0.0,0.0,0.0,0.00,0.00,0.00,0.00,0.00,0.00,-
617,37,North Carolina,177,Tyrrell County,1990,0.0,0.0,0.0,0.0,0.0,0.0,0.0,0.0,0.0,0.00,0.00,0.00,0.00,0.00,0.00,0
618,37,North Carolina,177,Tyrrell County,1995,0.0,0.0,0.0,0.0,0.0,0.0,0.0,0.0,0.0,0.00,0.00,0.00,0.00,0.00,0.00,0
619,37,North Carolina,177,Tyrrell County,2000,0.0,0.0,0.0,0.0,0.0,0.0,0.0,0.0,0.0,-,-,-,-,-,-,-
620,37,North Carolina,177,Tyrrell County,2005,0.0,0.0,0.0,0.0,0.0,0.0,0.0,0.0,0.0,-,-,-,-,-,-,-
621,37,North Carolina,177,Tyrrell County,2010,0.0,0.0,0.0,0.0,0.0,0.0,0.0,0.0,0.0,-,-,-,-,-,-,-
622,37,North Carolina,177,Tyrrell County,2015,0.0,0.0,0.0,0.0,0.0,0.0,0.0,0.0,0.0,-,-,-,-,-,-,-
623,37,North Carolina,179,Union County,1985,0.24,0.0,0.24,2.57,0.0,2.57,2.81,0.0,2.81,3.50,6.31,2.08,0.00,2.08,0.00,-
624,37,North Carolina,179,Union County,1990,0.34,0.0,0.34,3.2,0.0,3.2,3.54,0.0,3.54,4.12,7.66,0.80,0.00,0.80,0.00,4
625,37,North Carolina,179,Union County,1995,0.19,0.0,0.19,4.83,0.0,4.83,5.02,0.0,5.02,1.24,6.26,1.23,0.00,1.23,0.00,35
626,37,North Carolina,179,Union County,2000,0.0,0.0,0.0,1.5,0.0,1.5,1.5,0.0,1.5,-,-,-,-,-,-,-
627,37,North Carolina,179,Union County,2005,0.0,0.0,0.0,2.9,0.0,2.9,2.9,0.0,2.9,-,-,-,-,-,-,-
628,37,North Carolina,179,Union County,2010,0.0,0.0,0.0,2.0,0.0,2.0,2.0,0.0,2.0,-,-,-,-,-,-,-
629,37,North Carolina,179,Union County,2015,0.0,0.0,0.0,2.0,0.0,2.0,2.0,0.0,2.0,-,-,-,-,-,-,-
630,37,North Carolina,181,Vance County,1985,0.0,0.0,0.0,0.0,0.0,0.0,0.0,0.0,0.0,0.70,0.70,0.00,0.00,0.00,0.00,-
631,37,North Carolina,181,Vance County,1990,0.0,0.0,0.0,0.0,0.0,0.0,0.0,0.0,0.0,2.00,2.00,0.00,0.00,0.00,0.00,0
632,37,North Carolina,181,Vance County,1995,11.48,0.0,11.48,2.25,0.0,2.25,13.73,0.0,13.73,0.42,14.15,2.83,0.00,2.83,0.00,20
633,37,North Carolina,181,Vance County,2000,0.0,0.0,0.0,0.0,0.0,0.0,0.0,0.0,0.0,-,-,-,-,-,-,-
634,37,North Carolina,181,Vance County,2005,0.0,0.0,0.0,0.0,0.0,0.0,0.0,0.0,0.0,-,-,-,-,-,-,-
635,37,North Carolina,181,Vance County,2010,0.0,0.0,0.0,0.0,0.0,0.0,0.0,0.0,0.0,-,-,-,-,-,-,-
636,37,North Carolina,181,Vance County,2015,0.0,0.0,0.0,0.0,0.0,0.0,0.0,0.0,0.0,-,-,-,-,-,-,-
637,37,North Carolina,183,Wake County,1985,0.25,0.0,0.25,2.54,0.0,2.54,2.79,0.0,2.79,4.43,7.22,0.25,0.00,0.25,0.00,-
638,37,North Carolina,183,Wake County,1990,0.13,0.0,0.13,3.05,0.0,3.05,3.18,0.0,3.18,4.31,7.49,0.03,0.00,0.03,0.00,4
639,37,North Carolina,183,Wake County,1995,1.63,0.0,1.63,6.28,0.0,6.28,7.91,0.0,7.91,2.48,10.39,2.08,0.00,2.08,0.00,79
640,37,North Carolina,183,Wake County,2000,0.0,0.0,0.0,0.0,0.0,0.0,0.0,0.0,0.0,-,-,-,-,-,-,-
641,37,North Carolina,183,Wake County,2005,0.0,0.0,0.0,0.0,0.0,0.0,0.0,0.0,0.0,-,-,-,-,-,-,-
642,37,North Carolina,183,Wake County,2010,0.0,0.0,0.0,0.0,0.0,0.0,0.0,0.0,0.0,-,-,-,-,-,-,-
643,37,North Carolina,183,Wake County,2015,0.0,0.0,0.0,0.0,0.0,0.0,0.0,0.0,0.0,-,-,-,-,-,-,-
644,37,North Carolina,185,Warren County,1985,0.01,0.0,0.01,0.0,0.0,0.0,0.01,0.0,0.01,0.01,0.02,0.00,0.00,0.00,0.00,-
645,37,North Carolina,185,Warren County,1990,0.0,0.0,0.0,0.0,0.0,0.0,0.0,0.0,0.0,0.00,0.00,0.00,0.00,0.00,0.00,1
646,37,North Carolina,185,Warren County,1995,0.01,0.0,0.01,0.05,0.0,0.05,0.06,0.0,0.06,0.02,0.08,0.02,0.00,0.02,0.00,3
647,37,North Carolina,185,Warren County,2000,0.0,0.0,0.0,0.0,0.0,0.0,0.0,0.0,0.0,-,-,-,-,-,-,-
648,37,North Carolina,185,Warren County,2005,0.05,0.0,0.05,0.0,0.0,0.0,0.05,0.0,0.05,-,-,-,-,-,-,-
649,37,North Carolina,185,Warren County,2010,0.0,0.0,0.0,0.0,0.0,0.0,0.0,0.0,0.0,-,-,-,-,-,-,-
650,37,North Carolina,185,Warren County,2015,0.0,0.0,0.0,0.0,0.0,0.0,0.0,0.0,0.0,-,-,-,-,-,-,-
651,37,North Carolina,187,Washington County,1985,0.0,0.0,0.0,0.0,0.0,0.0,0.0,0.0,0.0,0.03,0.03,0.00,0.00,0.00,0.00,-
652,37,North Carolina,187,Washington County,1990,0.0,0.0,0.0,0.0,0.0,0.0,0.0,0.0,0.0,0.00,0.00,0.00,0.00,0.00,0.00,0
653,37,North Carolina,187,Washington County,1995,0.0,0.0,0.0,0.0,0.0,0.0,0.0,0.0,0.0,0.01,0.01,0.00,0.00,0.00,0.00,3
654,37,North Carolina,187,Washington County,2000,0.0,0.0,0.0,0.0,0.0,0.0,0.0,0.0,0.0,-,-,-,-,-,-,-
655,37,North Carolina,187,Washington County,2005,0.0,0.0,0.0,0.0,0.0,0.0,0.0,0.0,0.0,-,-,-,-,-,-,-
656,37,North Carolina,187,Washington County,2010,0.0,0.0,0.0,0.0,0.0,0.0,0.0,0.0,0.0,-,-,-,-,-,-,-
657,37,North Carolina,187,Washington County,2015,0.0,0.0,0.0,0.0,0.0,0.0,0.0,0.0,0.0,-,-,-,-,-,-,-
658,37,North Carolina,189,Watauga County,1985,0.1,0.0,0.1,0.0,0.0,0.0,0.1,0.0,0.1,0.00,0.10,0.00,0.00,0.00,0.00,-
659,37,North Carolina,189,Watauga County,1990,0.03,0.0,0.03,0.0,0.0,0.0,0.03,0.0,0.03,0.00,0.03,0.00,0.00,0.00,0.00,1
660,37,North Carolina,189,Watauga County,1995,0.0,0.0,0.0,0.0,0.0,0.0,0.0,0.0,0.0,0.06,0.06,0.01,0.00,0.01,0.00,6
661,37,North Carolina,189,Watauga County,2000,0.0,0.0,0.0,0.0,0.0,0.0,0.0,0.0,0.0,-,-,-,-,-,-,-
662,37,North Carolina,189,Watauga County,2005,1.78,0.0,1.78,0.0,0.0,0.0,1.78,0.0,1.78,-,-,-,-,-,-,-
663,37,North Carolina,189,Watauga County,2010,0.0,0.0,0.0,0.0,0.0,0.0,0.0,0.0,0.0,-,-,-,-,-,-,-
664,37,North Carolina,189,Watauga County,2015,0.0,0.0,0.0,0.0,0.0,0.0,0.0,0.0,0.0,-,-,-,-,-,-,-
665,37,North Carolina,191,Wayne County,1985,0.3,0.0,0.3,0.0,0.0,0.0,0.3,0.0,0.3,0.70,1.00,0.01,0.00,0.01,0.00,-
666,37,North Carolina,191,Wayne County,1990,0.5,0.0,0.5,0.0,0.0,0.0,0.5,0.0,0.5,1.93,2.43,0.42,0.00,0.42,0.00,4
667,37,North Carolina,191,Wayne County,1995,0.89,0.0,0.89,5.37,0.0,5.37,6.26,0.0,6.26,1.57,7.83,1.57,0.00,1.57,0.00,16
668,37,North Carolina,191,Wayne County,2000,0.0,0.0,0.0,0.0,0.0,0.0,0.0,0.0,0.0,-,-,-,-,-,-,-
669,37,North Carolina,191,Wayne County,2005,0.12,0.0,0.12,1.4,0.0,1.4,1.52,0.0,1.52,-,-,-,-,-,-,-
670,37,North Carolina,191,Wayne County,2010,0.14,0.0,0.14,0.0,0.0,0.0,0.14,0.0,0.14,-,-,-,-,-,-,-
671,37,North Carolina,191,Wayne County,2015,0.31,0.0,0.31,0.0,0.0,0.0,0.31,0.0,0.31,-,-,-,-,-,-,-
672,37,North Carolina,193,Wilkes County,1985,0.7,0.0,0.7,1.5,0.0,1.5,2.2,0.0,2.2,2.58,4.78,0.20,0.00,0.20,0.00,-
673,37,North Carolina,193,Wilkes County,1990,0.68,0.0,0.68,1.59,0.0,1.59,2.27,0.0,2.27,2.43,4.70,0.97,0.00,0.97,0.00,2
674,37,North Carolina,193,Wilkes County,1995,0.0,0.0,0.0,0.0,0.0,0.0,0.0,0.0,0.0,2.84,2.84,0.57,0.00,0.57,0.00,9
675,37,North Carolina,193,Wilkes County,2000,0.01,0.0,0.01,3.34,0.0,3.34,3.35,0.0,3.35,-,-,-,-,-,-,-
676,37,North Carolina,193,Wilkes County,2005,0.0,0.0,0.0,0.08,0.0,0.08,0.08,0.0,0.08,-,-,-,-,-,-,-
677,37,North Carolina,193,Wilkes County,2010,0.0,0.0,0.0,2.07,0.0,2.07,2.07,0.0,2.07,-,-,-,-,-,-,-
678,37,North Carolina,193,Wilkes County,2015,0.01,0.0,0.01,2.28,0.0,2.28,2.29,0.0,2.29,-,-,-,-,-,-,-
679,37,North Carolina,195,Wilson County,1985,0.04,0.0,0.04,0.0,0.0,0.0,0.04,0.0,0.04,1.58,1.62,0.00,0.00,0.00,0.00,-
680,37,North Carolina,195,Wilson County,1990,0.0,0.0,0.0,0.0,0.0,0.0,0.0,0.0,0.0,1.05,1.05,0.00,0.00,0.00,0.00,0
681,37,North Carolina,195,Wilson County,1995,0.68,0.0,0.68,1.91,0.0,1.91,2.59,0.0,2.59,2.01,4.60,0.92,0.00,0.92,0.00,36
682,37,North Carolina,195,Wilson County,2000,0.0,0.0,0.0,0.0,0.0,0.0,0.0,0.0,0.0,-,-,-,-,-,-,-
683,37,North Carolina,195,Wilson County,2005,0.32,0.0,0.32,0.0,0.0,0.0,0.32,0.0,0.32,-,-,-,-,-,-,-
684,37,North Carolina,195,Wilson County,2010,0.03,0.0,0.03,0.0,0.0,0.0,0.03,0.0,0.03,-,-,-,-,-,-,-
685,37,North Carolina,195,Wilson County,2015,0.03,0.0,0.03,0.0,0.0,0.0,0.03,0.0,0.03,-,-,-,-,-,-,-
686,37,North Carolina,197,Yadkin County,1985,0.0,0.0,0.0,0.0,0.0,0.0,0.0,0.0,0.0,0.00,0.00,0.00,0.00,0.00,0.00,-
687,37,North Carolina,197,Yadkin County,1990,0.0,0.0,0.0,0.0,0.0,0.0,0.0,0.0,0.0,0.39,0.39,0.00,0.00,0.00,0.00,0
688,37,North Carolina,197,Yadkin County,1995,0.0,0.0,0.0,0.0,0.0,0.0,0.0,0.0,0.0,0.30,0.30,0.06,0.00,0.06,0.00,6
689,37,North Carolina,197,Yadkin County,2000,0.0,0.0,0.0,0.0,0.0,0.0,0.0,0.0,0.0,-,-,-,-,-,-,-
690,37,North Carolina,197,Yadkin County,2005,0.0,0.0,0.0,0.0,0.0,0.0,0.0,0.0,0.0,-,-,-,-,-,-,-
691,37,North Carolina,197,Yadkin County,2010,0.0,0.0,0.0,0.0,0.0,0.0,0.0,0.0,0.0,-,-,-,-,-,-,-
692,37,North Carolina,197,Yadkin County,2015,0.0,0.0,0.0,0.0,0.0,0.0,0.0,0.0,0.0,-,-,-,-,-,-,-
693,37,North Carolina,199,Yancey County,1985,0.0,0.0,0.0,0.0,0.0,0.0,0.0,0.0,0.0,0.00,0.00,0.00,0.00,0.00,0.00,-
694,37,North Carolina,199,Yancey County,1990,0.0,0.0,0.0,1.2,0.0,1.2,1.2,0.0,1.2,0.00,1.20,0.00,0.00,0.00,0.00,1
695,37,North Carolina,199,Yancey County,1995,0.0,0.0,0.0,0.0,0.0,0.0,0.0,0.0,0.0,0.09,0.09,0.02,0.00,0.02,0.00,3
696,37,North Carolina,199,Yancey County,2000,0.0,0.0,0.0,0.0,0.0,0.0,0.0,0.0,0.0,-,-,-,-,-,-,-
697,37,North Carolina,199,Yancey County,2005,0.0,0.0,0.0,0.0,0.0,0.0,0.0,0.0,0.0,-,-,-,-,-,-,-
698,37,North Carolina,199,Yancey County,2010,0.0,0.0,0.0,0.0,0.0,0.0,0.0,0.0,0.0,-,-,-,-,-,-,-
699,37,North Carolina,199,Yancey County,2015,0.0,0.0,0.0,0.0,0.0,0.0,0.0,0.0,0.0,-,-,-,-,-,-,-
